-- ============================================================================
-- no-wms — Comprehensive Seed Data
-- Run: pnpm db:reset  (applies migrations, runs this seed, then seed-auth.ts)
-- All UUIDs are deterministic. All inserts are idempotent.
-- Password for all users: TestPassword1234
-- ============================================================================

-- Disable FK checks so profiles can be inserted before auth.users exist.
-- Auth users are created afterwards via GoTrue Admin API (seed-auth.ts),
-- which runs automatically after this seed via the db:reset script.
SET session_replication_role = 'replica';

-- ============================================================================
-- 1. AUTH USERS — created automatically by seed-auth.ts (chained in db:reset)
-- ============================================================================

-- ============================================================================
-- 3. ORGANIZATIONS
-- ============================================================================

INSERT INTO organizations (id, name, slug, created_at, updated_at)
VALUES
  ('a0000000-0000-0000-0000-000000000001', 'ACME Logistics',   'acme-logistics',   '2025-11-15T10:00:00Z', '2025-11-15T10:00:00Z'),
  ('a0000000-0000-0000-0000-000000000002', 'Globex Trading',   'globex-trading',   '2025-11-15T10:05:00Z', '2025-11-15T10:05:00Z'),
  ('a0000000-0000-0000-0000-000000000003', 'Pinnacle Freight', 'pinnacle-freight', '2025-11-15T10:10:00Z', '2025-11-15T10:10:00Z')
ON CONFLICT (id) DO NOTHING;

-- ============================================================================
-- 4. PROFILES
-- ============================================================================

INSERT INTO profiles (id, organization_id, full_name, locale, timezone, is_active, created_at, updated_at)
VALUES
  ('b0000000-0000-0000-0000-000000000001', 'a0000000-0000-0000-0000-000000000001', 'Super Admin',            'es', 'America/Guayaquil',   true, '2025-11-15T12:00:00Z', '2025-11-15T12:00:00Z'),
  ('b0000000-0000-0000-0000-000000000002', 'a0000000-0000-0000-0000-000000000001', 'Company Admin ACME',     'es', 'America/Guayaquil',   true, '2025-11-15T12:05:00Z', '2025-11-15T12:05:00Z'),
  ('b0000000-0000-0000-0000-000000000003', 'a0000000-0000-0000-0000-000000000001', 'WH Admin Miami',         'en', 'America/New_York',    true, '2025-11-15T12:10:00Z', '2025-11-15T12:10:00Z'),
  ('b0000000-0000-0000-0000-000000000004', 'a0000000-0000-0000-0000-000000000001', 'WH Admin Guayaquil',     'es', 'America/Guayaquil',   true, '2025-11-15T12:15:00Z', '2025-11-15T12:15:00Z'),
  ('b0000000-0000-0000-0000-000000000005', 'a0000000-0000-0000-0000-000000000001', 'Operator Miami',         'en', 'America/New_York',    true, '2025-11-15T12:20:00Z', '2025-11-15T12:20:00Z'),
  ('b0000000-0000-0000-0000-000000000006', 'a0000000-0000-0000-0000-000000000001', 'Operator Guayaquil',     'es', 'America/Guayaquil',   true, '2025-11-15T12:25:00Z', '2025-11-15T12:25:00Z'),
  ('b0000000-0000-0000-0000-000000000007', 'a0000000-0000-0000-0000-000000000001', 'Shipping Clerk Miami',   'en', 'America/New_York',    true, '2025-11-15T12:30:00Z', '2025-11-15T12:30:00Z'),
  ('b0000000-0000-0000-0000-000000000008', 'a0000000-0000-0000-0000-000000000001', 'Dest Admin Ecuador',     'es', 'America/Guayaquil',   true, '2025-11-15T12:35:00Z', '2025-11-15T12:35:00Z'),
  ('b0000000-0000-0000-0000-000000000009', 'a0000000-0000-0000-0000-000000000001', 'Dest Admin Colombia',    'es', 'America/Bogota',      true, '2025-11-15T12:40:00Z', '2025-11-15T12:40:00Z'),
  ('b0000000-0000-0000-0000-00000000000a', 'a0000000-0000-0000-0000-000000000001', 'Agency Rapidito',        'es', 'America/Guayaquil',   true, '2025-11-15T12:45:00Z', '2025-11-15T12:45:00Z'),
  ('b0000000-0000-0000-0000-00000000000b', 'a0000000-0000-0000-0000-000000000001', 'Agency Box4You',         'es', 'America/Guayaquil',   true, '2025-11-15T12:50:00Z', '2025-11-15T12:50:00Z'),
  ('b0000000-0000-0000-0000-00000000000c', 'a0000000-0000-0000-0000-000000000002', 'Globex Admin',           'en', 'America/Los_Angeles', true, '2025-11-15T12:55:00Z', '2025-11-15T12:55:00Z'),
  ('b0000000-0000-0000-0000-00000000000d', 'a0000000-0000-0000-0000-000000000002', 'Globex Operator LAX',    'en', 'America/Los_Angeles', true, '2025-11-15T13:00:00Z', '2025-11-15T13:00:00Z'),
  ('b0000000-0000-0000-0000-00000000000e', 'a0000000-0000-0000-0000-000000000003', 'Pinnacle Admin',         'en', 'America/New_York',    true, '2025-11-15T13:05:00Z', '2025-11-15T13:05:00Z'),
  ('b0000000-0000-0000-0000-00000000000f', 'a0000000-0000-0000-0000-000000000003', 'Pinnacle Agency Costa',  'es', 'America/Guayaquil',   true, '2025-11-15T13:10:00Z', '2025-11-15T13:10:00Z')
ON CONFLICT (id) DO NOTHING;

-- ============================================================================
-- 5. WAREHOUSES
-- ============================================================================

INSERT INTO warehouses (id, organization_id, name, code, city, country, timezone, is_active, created_at, updated_at)
VALUES
  ('c0000000-0000-0000-0000-000000000001', 'a0000000-0000-0000-0000-000000000001', 'Miami Warehouse',       'MIA', 'Miami',        'US', 'America/New_York',    true, '2025-11-20T09:00:00Z', '2025-11-20T09:00:00Z'),
  ('c0000000-0000-0000-0000-000000000002', 'a0000000-0000-0000-0000-000000000001', 'Guayaquil Warehouse',   'GYE', 'Guayaquil',    'EC', 'America/Guayaquil',   true, '2025-11-20T09:10:00Z', '2025-11-20T09:10:00Z'),
  ('c0000000-0000-0000-0000-000000000003', 'a0000000-0000-0000-0000-000000000001', 'Madrid Warehouse',      'MAD', 'Madrid',       'ES', 'Europe/Madrid',       true, '2025-11-20T09:20:00Z', '2025-11-20T09:20:00Z'),
  ('c0000000-0000-0000-0000-000000000004', 'a0000000-0000-0000-0000-000000000002', 'Los Angeles Warehouse', 'LAX', 'Los Angeles',  'US', 'America/Los_Angeles', true, '2025-11-20T09:30:00Z', '2025-11-20T09:30:00Z'),
  ('c0000000-0000-0000-0000-000000000005', 'a0000000-0000-0000-0000-000000000002', 'Bogota Warehouse',      'BOG', 'Bogota',       'CO', 'America/Bogota',      true, '2025-11-20T09:40:00Z', '2025-11-20T09:40:00Z'),
  ('c0000000-0000-0000-0000-000000000006', 'a0000000-0000-0000-0000-000000000003', 'New York Warehouse',    'JFK', 'New York',     'US', 'America/New_York',    true, '2025-11-20T09:50:00Z', '2025-11-20T09:50:00Z')
ON CONFLICT (id) DO NOTHING;

-- ============================================================================
-- 6. WAREHOUSE ZONES
-- ============================================================================

INSERT INTO warehouse_zones (id, organization_id, warehouse_id, name, code, sort_order, created_at)
VALUES
  -- MIA zones
  ('d0000000-0000-0000-0000-000000000001', 'a0000000-0000-0000-0000-000000000001', 'c0000000-0000-0000-0000-000000000001', 'Zona Recepcion',  'REC', 1, '2025-11-20T10:00:00Z'),
  ('d0000000-0000-0000-0000-000000000002', 'a0000000-0000-0000-0000-000000000001', 'c0000000-0000-0000-0000-000000000001', 'Zona Almacenaje', 'ALM', 2, '2025-11-20T10:01:00Z'),
  ('d0000000-0000-0000-0000-000000000003', 'a0000000-0000-0000-0000-000000000001', 'c0000000-0000-0000-0000-000000000001', 'Zona Despacho',   'DES', 3, '2025-11-20T10:02:00Z'),
  -- GYE zones
  ('d0000000-0000-0000-0000-000000000004', 'a0000000-0000-0000-0000-000000000001', 'c0000000-0000-0000-0000-000000000002', 'Zona Recepcion',  'REC', 1, '2025-11-20T10:05:00Z'),
  ('d0000000-0000-0000-0000-000000000005', 'a0000000-0000-0000-0000-000000000001', 'c0000000-0000-0000-0000-000000000002', 'Zona Almacenaje', 'ALM', 2, '2025-11-20T10:06:00Z'),
  ('d0000000-0000-0000-0000-000000000006', 'a0000000-0000-0000-0000-000000000001', 'c0000000-0000-0000-0000-000000000002', 'Zona Despacho',   'DES', 3, '2025-11-20T10:07:00Z'),
  -- MAD zones
  ('d0000000-0000-0000-0000-000000000007', 'a0000000-0000-0000-0000-000000000001', 'c0000000-0000-0000-0000-000000000003', 'Zona Recepcion',  'REC', 1, '2025-11-20T10:10:00Z'),
  ('d0000000-0000-0000-0000-000000000008', 'a0000000-0000-0000-0000-000000000001', 'c0000000-0000-0000-0000-000000000003', 'Zona Almacenaje', 'ALM', 2, '2025-11-20T10:11:00Z'),
  ('d0000000-0000-0000-0000-000000000009', 'a0000000-0000-0000-0000-000000000001', 'c0000000-0000-0000-0000-000000000003', 'Zona Despacho',   'DES', 3, '2025-11-20T10:12:00Z'),
  -- LAX zones
  ('d0000000-0000-0000-0000-00000000000a', 'a0000000-0000-0000-0000-000000000002', 'c0000000-0000-0000-0000-000000000004', 'Recepcion',       'REC', 1, '2025-11-20T10:15:00Z'),
  ('d0000000-0000-0000-0000-00000000000b', 'a0000000-0000-0000-0000-000000000002', 'c0000000-0000-0000-0000-000000000004', 'Almacenaje',      'ALM', 2, '2025-11-20T10:16:00Z'),
  -- BOG zones
  ('d0000000-0000-0000-0000-00000000000c', 'a0000000-0000-0000-0000-000000000002', 'c0000000-0000-0000-0000-000000000005', 'Recepcion',       'REC', 1, '2025-11-20T10:20:00Z'),
  ('d0000000-0000-0000-0000-00000000000d', 'a0000000-0000-0000-0000-000000000002', 'c0000000-0000-0000-0000-000000000005', 'Almacenaje',      'ALM', 2, '2025-11-20T10:21:00Z'),
  -- JFK zone
  ('d0000000-0000-0000-0000-00000000000e', 'a0000000-0000-0000-0000-000000000003', 'c0000000-0000-0000-0000-000000000006', 'General',         'GEN', 1, '2025-11-20T10:25:00Z')
ON CONFLICT (id) DO NOTHING;

-- ============================================================================
-- 7. WAREHOUSE LOCATIONS
-- ============================================================================

INSERT INTO warehouse_locations (id, organization_id, zone_id, name, code, sort_order, created_at)
VALUES
  -- MIA REC zone (d...001)
  ('e0000000-0000-0000-0000-000000000001', 'a0000000-0000-0000-0000-000000000001', 'd0000000-0000-0000-0000-000000000001', 'A1-1', 'A1-1', 1, '2025-11-20T11:00:00Z'),
  ('e0000000-0000-0000-0000-000000000002', 'a0000000-0000-0000-0000-000000000001', 'd0000000-0000-0000-0000-000000000001', 'A1-2', 'A1-2', 2, '2025-11-20T11:01:00Z'),
  ('e0000000-0000-0000-0000-000000000003', 'a0000000-0000-0000-0000-000000000001', 'd0000000-0000-0000-0000-000000000001', 'A1-3', 'A1-3', 3, '2025-11-20T11:02:00Z'),
  -- MIA ALM zone (d...002)
  ('e0000000-0000-0000-0000-000000000004', 'a0000000-0000-0000-0000-000000000001', 'd0000000-0000-0000-0000-000000000002', 'B1-1', 'B1-1', 1, '2025-11-20T11:03:00Z'),
  ('e0000000-0000-0000-0000-000000000005', 'a0000000-0000-0000-0000-000000000001', 'd0000000-0000-0000-0000-000000000002', 'B1-2', 'B1-2', 2, '2025-11-20T11:04:00Z'),
  ('e0000000-0000-0000-0000-000000000006', 'a0000000-0000-0000-0000-000000000001', 'd0000000-0000-0000-0000-000000000002', 'B1-3', 'B1-3', 3, '2025-11-20T11:05:00Z'),
  -- MIA DES zone (d...003)
  ('e0000000-0000-0000-0000-000000000007', 'a0000000-0000-0000-0000-000000000001', 'd0000000-0000-0000-0000-000000000003', 'C1-1', 'C1-1', 1, '2025-11-20T11:06:00Z'),
  ('e0000000-0000-0000-0000-000000000008', 'a0000000-0000-0000-0000-000000000001', 'd0000000-0000-0000-0000-000000000003', 'C1-2', 'C1-2', 2, '2025-11-20T11:07:00Z'),
  ('e0000000-0000-0000-0000-000000000009', 'a0000000-0000-0000-0000-000000000001', 'd0000000-0000-0000-0000-000000000003', 'C1-3', 'C1-3', 3, '2025-11-20T11:08:00Z'),
  -- GYE REC zone (d...004)
  ('e0000000-0000-0000-0000-00000000000a', 'a0000000-0000-0000-0000-000000000001', 'd0000000-0000-0000-0000-000000000004', 'A2-1', 'A2-1', 1, '2025-11-20T11:10:00Z'),
  ('e0000000-0000-0000-0000-00000000000b', 'a0000000-0000-0000-0000-000000000001', 'd0000000-0000-0000-0000-000000000004', 'A2-2', 'A2-2', 2, '2025-11-20T11:11:00Z'),
  ('e0000000-0000-0000-0000-00000000000c', 'a0000000-0000-0000-0000-000000000001', 'd0000000-0000-0000-0000-000000000004', 'A2-3', 'A2-3', 3, '2025-11-20T11:12:00Z'),
  -- GYE ALM zone (d...005)
  ('e0000000-0000-0000-0000-00000000000d', 'a0000000-0000-0000-0000-000000000001', 'd0000000-0000-0000-0000-000000000005', 'B2-1', 'B2-1', 1, '2025-11-20T11:13:00Z'),
  ('e0000000-0000-0000-0000-00000000000e', 'a0000000-0000-0000-0000-000000000001', 'd0000000-0000-0000-0000-000000000005', 'B2-2', 'B2-2', 2, '2025-11-20T11:14:00Z'),
  ('e0000000-0000-0000-0000-00000000000f', 'a0000000-0000-0000-0000-000000000001', 'd0000000-0000-0000-0000-000000000005', 'B2-3', 'B2-3', 3, '2025-11-20T11:15:00Z'),
  -- GYE DES zone (d...006)
  ('e0000000-0000-0000-0000-000000000010', 'a0000000-0000-0000-0000-000000000001', 'd0000000-0000-0000-0000-000000000006', 'C2-1', 'C2-1', 1, '2025-11-20T11:16:00Z'),
  ('e0000000-0000-0000-0000-000000000011', 'a0000000-0000-0000-0000-000000000001', 'd0000000-0000-0000-0000-000000000006', 'C2-2', 'C2-2', 2, '2025-11-20T11:17:00Z'),
  ('e0000000-0000-0000-0000-000000000012', 'a0000000-0000-0000-0000-000000000001', 'd0000000-0000-0000-0000-000000000006', 'C2-3', 'C2-3', 3, '2025-11-20T11:18:00Z'),
  -- MAD REC zone (d...007)
  ('e0000000-0000-0000-0000-000000000013', 'a0000000-0000-0000-0000-000000000001', 'd0000000-0000-0000-0000-000000000007', 'A3-1', 'A3-1', 1, '2025-11-20T11:20:00Z'),
  ('e0000000-0000-0000-0000-000000000014', 'a0000000-0000-0000-0000-000000000001', 'd0000000-0000-0000-0000-000000000007', 'A3-2', 'A3-2', 2, '2025-11-20T11:21:00Z'),
  ('e0000000-0000-0000-0000-000000000015', 'a0000000-0000-0000-0000-000000000001', 'd0000000-0000-0000-0000-000000000007', 'A3-3', 'A3-3', 3, '2025-11-20T11:22:00Z'),
  -- MAD ALM zone (d...008)
  ('e0000000-0000-0000-0000-000000000016', 'a0000000-0000-0000-0000-000000000001', 'd0000000-0000-0000-0000-000000000008', 'B3-1', 'B3-1', 1, '2025-11-20T11:23:00Z'),
  ('e0000000-0000-0000-0000-000000000017', 'a0000000-0000-0000-0000-000000000001', 'd0000000-0000-0000-0000-000000000008', 'B3-2', 'B3-2', 2, '2025-11-20T11:24:00Z'),
  ('e0000000-0000-0000-0000-000000000018', 'a0000000-0000-0000-0000-000000000001', 'd0000000-0000-0000-0000-000000000008', 'B3-3', 'B3-3', 3, '2025-11-20T11:25:00Z'),
  -- MAD DES zone (d...009)
  ('e0000000-0000-0000-0000-000000000019', 'a0000000-0000-0000-0000-000000000001', 'd0000000-0000-0000-0000-000000000009', 'C3-1', 'C3-1', 1, '2025-11-20T11:26:00Z'),
  ('e0000000-0000-0000-0000-00000000001a', 'a0000000-0000-0000-0000-000000000001', 'd0000000-0000-0000-0000-000000000009', 'C3-2', 'C3-2', 2, '2025-11-20T11:27:00Z'),
  ('e0000000-0000-0000-0000-00000000001b', 'a0000000-0000-0000-0000-000000000001', 'd0000000-0000-0000-0000-000000000009', 'C3-3', 'C3-3', 3, '2025-11-20T11:28:00Z'),
  -- LAX REC zone (d...00a)
  ('e0000000-0000-0000-0000-00000000001c', 'a0000000-0000-0000-0000-000000000002', 'd0000000-0000-0000-0000-00000000000a', 'L1-1', 'L1-1', 1, '2025-11-20T11:30:00Z'),
  ('e0000000-0000-0000-0000-00000000001d', 'a0000000-0000-0000-0000-000000000002', 'd0000000-0000-0000-0000-00000000000a', 'L1-2', 'L1-2', 2, '2025-11-20T11:31:00Z'),
  -- LAX ALM zone (d...00b)
  ('e0000000-0000-0000-0000-00000000001e', 'a0000000-0000-0000-0000-000000000002', 'd0000000-0000-0000-0000-00000000000b', 'L2-1', 'L2-1', 1, '2025-11-20T11:32:00Z'),
  ('e0000000-0000-0000-0000-00000000001f', 'a0000000-0000-0000-0000-000000000002', 'd0000000-0000-0000-0000-00000000000b', 'L2-2', 'L2-2', 2, '2025-11-20T11:33:00Z'),
  -- BOG REC zone (d...00c)
  ('e0000000-0000-0000-0000-000000000020', 'a0000000-0000-0000-0000-000000000002', 'd0000000-0000-0000-0000-00000000000c', 'G1-1', 'G1-1', 1, '2025-11-20T11:35:00Z'),
  ('e0000000-0000-0000-0000-000000000021', 'a0000000-0000-0000-0000-000000000002', 'd0000000-0000-0000-0000-00000000000c', 'G1-2', 'G1-2', 2, '2025-11-20T11:36:00Z'),
  -- BOG ALM zone (d...00d)
  ('e0000000-0000-0000-0000-000000000022', 'a0000000-0000-0000-0000-000000000002', 'd0000000-0000-0000-0000-00000000000d', 'G2-1', 'G2-1', 1, '2025-11-20T11:37:00Z'),
  ('e0000000-0000-0000-0000-000000000023', 'a0000000-0000-0000-0000-000000000002', 'd0000000-0000-0000-0000-00000000000d', 'G2-2', 'G2-2', 2, '2025-11-20T11:38:00Z'),
  -- JFK GEN zone (d...00e)
  ('e0000000-0000-0000-0000-000000000024', 'a0000000-0000-0000-0000-000000000003', 'd0000000-0000-0000-0000-00000000000e', 'J1-1', 'J1-1', 1, '2025-11-20T11:40:00Z'),
  ('e0000000-0000-0000-0000-000000000025', 'a0000000-0000-0000-0000-000000000003', 'd0000000-0000-0000-0000-00000000000e', 'J1-2', 'J1-2', 2, '2025-11-20T11:41:00Z')
ON CONFLICT (id) DO NOTHING;

-- ============================================================================
-- 8. DESTINATION COUNTRIES
-- ============================================================================

INSERT INTO destination_countries (id, organization_id, name, code, currency, is_active, created_at, updated_at)
VALUES
  ('f0000000-0000-0000-0000-000000000001', 'a0000000-0000-0000-0000-000000000001', 'Ecuador',  'EC', 'USD', true, '2025-11-25T09:00:00Z', '2025-11-25T09:00:00Z'),
  ('f0000000-0000-0000-0000-000000000002', 'a0000000-0000-0000-0000-000000000001', 'Colombia', 'CO', 'COP', true, '2025-11-25T09:05:00Z', '2025-11-25T09:05:00Z'),
  ('f0000000-0000-0000-0000-000000000003', 'a0000000-0000-0000-0000-000000000001', 'Peru',     'PE', 'PEN', true, '2025-11-25T09:10:00Z', '2025-11-25T09:10:00Z'),
  ('f0000000-0000-0000-0000-000000000004', 'a0000000-0000-0000-0000-000000000002', 'Ecuador',  'EC', 'USD', true, '2025-11-25T09:15:00Z', '2025-11-25T09:15:00Z'),
  ('f0000000-0000-0000-0000-000000000005', 'a0000000-0000-0000-0000-000000000002', 'Chile',    'CL', 'CLP', true, '2025-11-25T09:20:00Z', '2025-11-25T09:20:00Z'),
  ('f0000000-0000-0000-0000-000000000006', 'a0000000-0000-0000-0000-000000000003', 'Ecuador',  'EC', 'USD', true, '2025-11-25T09:25:00Z', '2025-11-25T09:25:00Z')
ON CONFLICT (id) DO NOTHING;

-- ============================================================================
-- 9. COURIER CATEGORIES (7 per ACME destination = 21)
-- ============================================================================

INSERT INTO courier_categories (id, organization_id, destination_country_id, code, name, max_weight_lb, max_value_usd, description, is_active, created_at)
VALUES
  -- Ecuador (ACME)
  ('f1000000-0000-0000-0000-000000000001', 'a0000000-0000-0000-0000-000000000001', 'f0000000-0000-0000-0000-000000000001', 'A', 'Documentos',       2.00,    50.00,  'Documentos y sobres', true, '2025-11-25T10:00:00Z'),
  ('f1000000-0000-0000-0000-000000000002', 'a0000000-0000-0000-0000-000000000001', 'f0000000-0000-0000-0000-000000000001', 'B', 'Paquete pequeno',   5.00,   200.00,  'Paquetes hasta 5lb', true, '2025-11-25T10:01:00Z'),
  ('f1000000-0000-0000-0000-000000000003', 'a0000000-0000-0000-0000-000000000001', 'f0000000-0000-0000-0000-000000000001', 'C', 'Paquete mediano',  10.00,   500.00,  'Paquetes hasta 10lb', true, '2025-11-25T10:02:00Z'),
  ('f1000000-0000-0000-0000-000000000004', 'a0000000-0000-0000-0000-000000000001', 'f0000000-0000-0000-0000-000000000001', 'D', 'Paquete grande',   30.00,  1000.00,  'Paquetes hasta 30lb', true, '2025-11-25T10:03:00Z'),
  ('f1000000-0000-0000-0000-000000000005', 'a0000000-0000-0000-0000-000000000001', 'f0000000-0000-0000-0000-000000000001', 'E', 'Carga ligera',     50.00,  2500.00,  'Carga hasta 50lb', true, '2025-11-25T10:04:00Z'),
  ('f1000000-0000-0000-0000-000000000006', 'a0000000-0000-0000-0000-000000000001', 'f0000000-0000-0000-0000-000000000001', 'F', 'Carga media',     100.00,  5000.00,  'Carga hasta 100lb', true, '2025-11-25T10:05:00Z'),
  ('f1000000-0000-0000-0000-000000000007', 'a0000000-0000-0000-0000-000000000001', 'f0000000-0000-0000-0000-000000000001', 'G', 'Carga pesada',     NULL,     NULL,   'Carga sin limite', true, '2025-11-25T10:06:00Z'),
  -- Colombia (ACME)
  ('f1000000-0000-0000-0000-000000000008', 'a0000000-0000-0000-0000-000000000001', 'f0000000-0000-0000-0000-000000000002', 'A', 'Documentos',       2.00,    50.00,  'Documentos y sobres', true, '2025-11-25T10:10:00Z'),
  ('f1000000-0000-0000-0000-000000000009', 'a0000000-0000-0000-0000-000000000001', 'f0000000-0000-0000-0000-000000000002', 'B', 'Paquete pequeno',   5.00,   200.00,  'Paquetes hasta 5lb', true, '2025-11-25T10:11:00Z'),
  ('f1000000-0000-0000-0000-00000000000a', 'a0000000-0000-0000-0000-000000000001', 'f0000000-0000-0000-0000-000000000002', 'C', 'Paquete mediano',  10.00,   500.00,  'Paquetes hasta 10lb', true, '2025-11-25T10:12:00Z'),
  ('f1000000-0000-0000-0000-00000000000b', 'a0000000-0000-0000-0000-000000000001', 'f0000000-0000-0000-0000-000000000002', 'D', 'Paquete grande',   30.00,  1000.00,  'Paquetes hasta 30lb', true, '2025-11-25T10:13:00Z'),
  ('f1000000-0000-0000-0000-00000000000c', 'a0000000-0000-0000-0000-000000000001', 'f0000000-0000-0000-0000-000000000002', 'E', 'Carga ligera',     50.00,  2500.00,  'Carga hasta 50lb', true, '2025-11-25T10:14:00Z'),
  ('f1000000-0000-0000-0000-00000000000d', 'a0000000-0000-0000-0000-000000000001', 'f0000000-0000-0000-0000-000000000002', 'F', 'Carga media',     100.00,  5000.00,  'Carga hasta 100lb', true, '2025-11-25T10:15:00Z'),
  ('f1000000-0000-0000-0000-00000000000e', 'a0000000-0000-0000-0000-000000000001', 'f0000000-0000-0000-0000-000000000002', 'G', 'Carga pesada',     NULL,     NULL,   'Carga sin limite', true, '2025-11-25T10:16:00Z'),
  -- Peru (ACME)
  ('f1000000-0000-0000-0000-00000000000f', 'a0000000-0000-0000-0000-000000000001', 'f0000000-0000-0000-0000-000000000003', 'A', 'Documentos',       2.00,    50.00,  'Documentos y sobres', true, '2025-11-25T10:20:00Z'),
  ('f1000000-0000-0000-0000-000000000010', 'a0000000-0000-0000-0000-000000000001', 'f0000000-0000-0000-0000-000000000003', 'B', 'Paquete pequeno',   5.00,   200.00,  'Paquetes hasta 5lb', true, '2025-11-25T10:21:00Z'),
  ('f1000000-0000-0000-0000-000000000011', 'a0000000-0000-0000-0000-000000000001', 'f0000000-0000-0000-0000-000000000003', 'C', 'Paquete mediano',  10.00,   500.00,  'Paquetes hasta 10lb', true, '2025-11-25T10:22:00Z'),
  ('f1000000-0000-0000-0000-000000000012', 'a0000000-0000-0000-0000-000000000001', 'f0000000-0000-0000-0000-000000000003', 'D', 'Paquete grande',   30.00,  1000.00,  'Paquetes hasta 30lb', true, '2025-11-25T10:23:00Z'),
  ('f1000000-0000-0000-0000-000000000013', 'a0000000-0000-0000-0000-000000000001', 'f0000000-0000-0000-0000-000000000003', 'E', 'Carga ligera',     50.00,  2500.00,  'Carga hasta 50lb', true, '2025-11-25T10:24:00Z'),
  ('f1000000-0000-0000-0000-000000000014', 'a0000000-0000-0000-0000-000000000001', 'f0000000-0000-0000-0000-000000000003', 'F', 'Carga media',     100.00,  5000.00,  'Carga hasta 100lb', true, '2025-11-25T10:25:00Z'),
  ('f1000000-0000-0000-0000-000000000015', 'a0000000-0000-0000-0000-000000000001', 'f0000000-0000-0000-0000-000000000003', 'G', 'Carga pesada',     NULL,     NULL,   'Carga sin limite', true, '2025-11-25T10:26:00Z')
ON CONFLICT (id) DO NOTHING;

-- ============================================================================
-- 10. AGENCIES
-- ============================================================================

INSERT INTO agencies (id, organization_id, destination_country_id, name, code, type, is_active, default_modality, created_at, updated_at)
VALUES
  ('f2000000-0000-0000-0000-000000000001', 'a0000000-0000-0000-0000-000000000001', 'f0000000-0000-0000-0000-000000000001', 'Rapidito Express',   'RAP', 'corporativo', true, 'courier_a', '2025-12-01T09:00:00Z', '2025-12-01T09:00:00Z'),
  ('f2000000-0000-0000-0000-000000000002', 'a0000000-0000-0000-0000-000000000001', 'f0000000-0000-0000-0000-000000000001', 'Box4You',            'B4Y', 'box',         true, 'courier_b', '2025-12-01T09:10:00Z', '2025-12-01T09:10:00Z'),
  ('f2000000-0000-0000-0000-000000000003', 'a0000000-0000-0000-0000-000000000001', 'f0000000-0000-0000-0000-000000000002', 'Envios del Sur',     'EDS', 'corporativo', true, 'courier_a', '2025-12-01T09:20:00Z', '2025-12-01T09:20:00Z'),
  ('f2000000-0000-0000-0000-000000000004', 'a0000000-0000-0000-0000-000000000001', 'f0000000-0000-0000-0000-000000000003', 'Andina Cargo',       'AND', 'corporativo', true, 'courier_a', '2025-12-01T09:30:00Z', '2025-12-01T09:30:00Z'),
  ('f2000000-0000-0000-0000-000000000005', 'a0000000-0000-0000-0000-000000000001', 'f0000000-0000-0000-0000-000000000001', 'CasilleroEC',        'CAS', 'box',         true, 'courier_c', '2025-12-01T09:40:00Z', '2025-12-01T09:40:00Z'),
  ('f2000000-0000-0000-0000-000000000006', 'a0000000-0000-0000-0000-000000000002', 'f0000000-0000-0000-0000-000000000004', 'Paqueteria Global',  'PGL', 'corporativo', true, 'courier_a', '2025-12-01T09:50:00Z', '2025-12-01T09:50:00Z'),
  ('f2000000-0000-0000-0000-000000000007', 'a0000000-0000-0000-0000-000000000002', 'f0000000-0000-0000-0000-000000000005', 'ChileBox',           'CHB', 'box',         true, 'courier_b', '2025-12-01T10:00:00Z', '2025-12-01T10:00:00Z'),
  ('f2000000-0000-0000-0000-000000000008', 'a0000000-0000-0000-0000-000000000003', 'f0000000-0000-0000-0000-000000000006', 'Costa Express',      'COE', 'corporativo', true, 'courier_a', '2025-12-01T10:10:00Z', '2025-12-01T10:10:00Z')
ON CONFLICT (id) DO NOTHING;

-- ============================================================================
-- 11. AGENCY CONTACTS
-- ============================================================================

INSERT INTO agency_contacts (id, organization_id, agency_id, contact_type, name, email, phone, is_primary, created_at)
VALUES
  -- Rapidito Express (3 contacts)
  ('f3000000-0000-0000-0000-000000000001', 'a0000000-0000-0000-0000-000000000001', 'f2000000-0000-0000-0000-000000000001', 'admin',      'Carlos Mendoza',     'carlos@rapidito.ec',     '+593991234567', true,  '2025-12-01T10:00:00Z'),
  ('f3000000-0000-0000-0000-000000000002', 'a0000000-0000-0000-0000-000000000001', 'f2000000-0000-0000-0000-000000000001', 'operations', 'Ana Vega',           'ana.ops@rapidito.ec',    '+593992345678', false, '2025-12-01T10:05:00Z'),
  ('f3000000-0000-0000-0000-000000000003', 'a0000000-0000-0000-0000-000000000001', 'f2000000-0000-0000-0000-000000000001', 'billing',    'Luis Paredes',       'billing@rapidito.ec',    '+593993456789', false, '2025-12-01T10:10:00Z'),
  -- Box4You (1 admin contact)
  ('f3000000-0000-0000-0000-000000000004', 'a0000000-0000-0000-0000-000000000001', 'f2000000-0000-0000-0000-000000000002', 'admin',      'Ricardo Salazar',    'admin@box4you.ec',       '+593994567890', true,  '2025-12-01T10:15:00Z'),
  -- Envios del Sur (2 contacts)
  ('f3000000-0000-0000-0000-000000000005', 'a0000000-0000-0000-0000-000000000001', 'f2000000-0000-0000-0000-000000000003', 'admin',      'Camila Rodriguez',   'camila@enviosdelsur.co', '+573015678901', true,  '2025-12-01T10:20:00Z'),
  ('f3000000-0000-0000-0000-000000000006', 'a0000000-0000-0000-0000-000000000001', 'f2000000-0000-0000-0000-000000000003', 'operations', 'Andres Moreno',      'ops@enviosdelsur.co',    '+573026789012', false, '2025-12-01T10:25:00Z'),
  -- Andina Cargo (2 contacts)
  ('f3000000-0000-0000-0000-000000000007', 'a0000000-0000-0000-0000-000000000001', 'f2000000-0000-0000-0000-000000000004', 'admin',      'Fernando Quispe',    'fernando@andinacargo.pe', '+51987654321', true,  '2025-12-01T10:30:00Z'),
  ('f3000000-0000-0000-0000-000000000008', 'a0000000-0000-0000-0000-000000000001', 'f2000000-0000-0000-0000-000000000004', 'billing',    'Patricia Huaman',    'billing@andinacargo.pe',  '+51976543210', false, '2025-12-01T10:35:00Z'),
  -- Paqueteria Global (2 contacts)
  ('f3000000-0000-0000-0000-000000000009', 'a0000000-0000-0000-0000-000000000002', 'f2000000-0000-0000-0000-000000000006', 'admin',      'Miguel Torres',      'miguel@paqglobal.ec',    '+593995678901', true,  '2025-12-01T10:40:00Z'),
  ('f3000000-0000-0000-0000-00000000000a', 'a0000000-0000-0000-0000-000000000002', 'f2000000-0000-0000-0000-000000000006', 'operations', 'Daniela Reyes',      'ops@paqglobal.ec',       '+593996789012', false, '2025-12-01T10:45:00Z'),
  -- Costa Express (2 contacts)
  ('f3000000-0000-0000-0000-00000000000b', 'a0000000-0000-0000-0000-000000000003', 'f2000000-0000-0000-0000-000000000008', 'admin',      'Roberto Espinoza',   'roberto@costaexpress.ec', '+593997890123', true,  '2025-12-01T10:50:00Z'),
  ('f3000000-0000-0000-0000-00000000000c', 'a0000000-0000-0000-0000-000000000003', 'f2000000-0000-0000-0000-000000000008', 'operations', 'Gabriela Moncayo',   'ops@costaexpress.ec',     '+593998901234', false, '2025-12-01T10:55:00Z')
ON CONFLICT (id) DO NOTHING;

-- ============================================================================
-- 12. USER ROLES
-- ============================================================================

INSERT INTO user_roles (id, user_id, organization_id, role, warehouse_id, destination_country_id, agency_id, created_at)
VALUES
  (gen_random_uuid(), 'b0000000-0000-0000-0000-000000000001', 'a0000000-0000-0000-0000-000000000001', 'super_admin',         NULL, NULL, NULL, '2025-11-15T13:00:00Z'),
  (gen_random_uuid(), 'b0000000-0000-0000-0000-000000000002', 'a0000000-0000-0000-0000-000000000001', 'company_admin',       NULL, NULL, NULL, '2025-11-15T13:05:00Z'),
  (gen_random_uuid(), 'b0000000-0000-0000-0000-000000000003', 'a0000000-0000-0000-0000-000000000001', 'warehouse_admin',     'c0000000-0000-0000-0000-000000000001', NULL, NULL, '2025-11-15T13:10:00Z'),
  (gen_random_uuid(), 'b0000000-0000-0000-0000-000000000004', 'a0000000-0000-0000-0000-000000000001', 'warehouse_admin',     'c0000000-0000-0000-0000-000000000002', NULL, NULL, '2025-11-15T13:15:00Z'),
  (gen_random_uuid(), 'b0000000-0000-0000-0000-000000000005', 'a0000000-0000-0000-0000-000000000001', 'warehouse_operator',  'c0000000-0000-0000-0000-000000000001', NULL, NULL, '2025-11-15T13:20:00Z'),
  (gen_random_uuid(), 'b0000000-0000-0000-0000-000000000006', 'a0000000-0000-0000-0000-000000000001', 'warehouse_operator',  'c0000000-0000-0000-0000-000000000002', NULL, NULL, '2025-11-15T13:25:00Z'),
  (gen_random_uuid(), 'b0000000-0000-0000-0000-000000000007', 'a0000000-0000-0000-0000-000000000001', 'shipping_clerk',      'c0000000-0000-0000-0000-000000000001', NULL, NULL, '2025-11-15T13:30:00Z'),
  (gen_random_uuid(), 'b0000000-0000-0000-0000-000000000008', 'a0000000-0000-0000-0000-000000000001', 'destination_admin',   NULL, 'f0000000-0000-0000-0000-000000000001', NULL, '2025-11-15T13:35:00Z'),
  (gen_random_uuid(), 'b0000000-0000-0000-0000-000000000009', 'a0000000-0000-0000-0000-000000000001', 'destination_admin',   NULL, 'f0000000-0000-0000-0000-000000000002', NULL, '2025-11-15T13:40:00Z'),
  (gen_random_uuid(), 'b0000000-0000-0000-0000-00000000000a', 'a0000000-0000-0000-0000-000000000001', 'agency',              NULL, NULL, 'f2000000-0000-0000-0000-000000000001', '2025-11-15T13:45:00Z'),
  (gen_random_uuid(), 'b0000000-0000-0000-0000-00000000000b', 'a0000000-0000-0000-0000-000000000001', 'agency',              NULL, NULL, 'f2000000-0000-0000-0000-000000000002', '2025-11-15T13:50:00Z'),
  (gen_random_uuid(), 'b0000000-0000-0000-0000-00000000000c', 'a0000000-0000-0000-0000-000000000002', 'company_admin',       NULL, NULL, NULL, '2025-11-15T13:55:00Z'),
  (gen_random_uuid(), 'b0000000-0000-0000-0000-00000000000d', 'a0000000-0000-0000-0000-000000000002', 'warehouse_operator',  'c0000000-0000-0000-0000-000000000004', NULL, NULL, '2025-11-15T14:00:00Z'),
  (gen_random_uuid(), 'b0000000-0000-0000-0000-00000000000e', 'a0000000-0000-0000-0000-000000000003', 'company_admin',       NULL, NULL, NULL, '2025-11-15T14:05:00Z'),
  (gen_random_uuid(), 'b0000000-0000-0000-0000-00000000000f', 'a0000000-0000-0000-0000-000000000003', 'agency',              NULL, NULL, 'f2000000-0000-0000-0000-000000000008', '2025-11-15T14:10:00Z')
ON CONFLICT (user_id, role, warehouse_id, destination_country_id, agency_id) DO NOTHING;

-- ============================================================================
-- 13. CONSIGNEES
-- ============================================================================

INSERT INTO consignees (id, organization_id, agency_id, full_name, casillero, cedula_ruc, email, phone, address_line1, city, province, is_active, created_at, updated_at)
VALUES
  -- Rapidito (3) — code RAP
  ('f4000000-0000-0000-0000-000000000001', 'a0000000-0000-0000-0000-000000000001', 'f2000000-0000-0000-0000-000000000001', 'Maria Garcia',    'RAP000001', '0901234567', 'maria.garcia@email.ec',    '+593912340001', 'Av. 9 de Octubre 100',   'Guayaquil', 'Guayas',    true, '2025-12-10T09:00:00Z', '2025-12-10T09:00:00Z'),
  ('f4000000-0000-0000-0000-000000000002', 'a0000000-0000-0000-0000-000000000001', 'f2000000-0000-0000-0000-000000000001', 'Jose Lopez',      'RAP000002', '0912345678', 'jose.lopez@email.ec',      '+593912340002', 'Calle Larga 45',         'Cuenca',    'Azuay',     true, '2025-12-10T09:10:00Z', '2025-12-10T09:10:00Z'),
  ('f4000000-0000-0000-0000-000000000003', 'a0000000-0000-0000-0000-000000000001', 'f2000000-0000-0000-0000-000000000001', 'Ana Martinez',    'RAP000003', '0923456789', 'ana.martinez@email.ec',    '+593912340003', 'Av. Amazonas 500',       'Quito',     'Pichincha', true, '2025-12-10T09:20:00Z', '2025-12-10T09:20:00Z'),
  -- Box4You (2) — code B4Y
  ('f4000000-0000-0000-0000-000000000004', 'a0000000-0000-0000-0000-000000000001', 'f2000000-0000-0000-0000-000000000002', 'Carlos Perez',    'B4Y000001', '0934567890', 'carlos.perez@email.ec',    '+593912340004', 'Malecon 2000',           'Guayaquil', 'Guayas',    true, '2025-12-10T09:30:00Z', '2025-12-10T09:30:00Z'),
  ('f4000000-0000-0000-0000-000000000005', 'a0000000-0000-0000-0000-000000000001', 'f2000000-0000-0000-0000-000000000002', 'Laura Sanchez',   'B4Y000002', '0945678901', 'laura.sanchez@email.ec',   '+593912340005', 'Av. Eloy Alfaro 200',    'Quito',     'Pichincha', true, '2025-12-10T09:40:00Z', '2025-12-10T09:40:00Z'),
  -- Envios del Sur (2) — code EDS
  ('f4000000-0000-0000-0000-000000000006', 'a0000000-0000-0000-0000-000000000001', 'f2000000-0000-0000-0000-000000000003', 'Pedro Ramirez',   'EDS000001', '1098765432', 'pedro.ramirez@email.co',   '+573001234567', 'Cra 7 No. 32-16',        'Bogota',    'Cundinamarca', true, '2025-12-10T09:50:00Z', '2025-12-10T09:50:00Z'),
  ('f4000000-0000-0000-0000-000000000007', 'a0000000-0000-0000-0000-000000000001', 'f2000000-0000-0000-0000-000000000003', 'Sofia Torres',    'EDS000002', '1087654321', 'sofia.torres@email.co',    '+573002345678', 'Calle 10 No. 5-51',      'Medellin',  'Antioquia',    true, '2025-12-10T10:00:00Z', '2025-12-10T10:00:00Z'),
  -- Andina (1) — code AND
  ('f4000000-0000-0000-0000-000000000008', 'a0000000-0000-0000-0000-000000000001', 'f2000000-0000-0000-0000-000000000004', 'Diego Flores',    'AND000001', '20123456789', 'diego.flores@email.pe',   '+51987001234', 'Av. Javier Prado 500',   'Lima',      'Lima',         true, '2025-12-10T10:10:00Z', '2025-12-10T10:10:00Z'),
  -- Paqueteria Global (1) — code PGL
  ('f4000000-0000-0000-0000-000000000009', 'a0000000-0000-0000-0000-000000000002', 'f2000000-0000-0000-0000-000000000006', 'Elena Vargas',    'PGL000001', '0956789012', 'elena.vargas@email.ec',    '+593912340009', 'Av. de las Americas 100', 'Guayaquil', 'Guayas',    true, '2025-12-10T10:20:00Z', '2025-12-10T10:20:00Z'),
  -- Costa Express (1) — code COE
  ('f4000000-0000-0000-0000-00000000000a', 'a0000000-0000-0000-0000-000000000003', 'f2000000-0000-0000-0000-000000000008', 'Roberto Castro',  'COE000001', '0967890123', 'roberto.castro@email.ec',  '+593912340010', 'Balsamos 100',           'Guayaquil', 'Guayas',    true, '2025-12-10T10:30:00Z', '2025-12-10T10:30:00Z')
ON CONFLICT (id) DO NOTHING;

-- ============================================================================
-- 14. WAREHOUSE RECEIPTS (30)
-- Status distribution: received(8), in_warehouse(6), in_work_order(4),
--   in_dispatch(4), dispatched(4), damaged(2), abandoned(1), unknown/received(1)
-- ============================================================================

INSERT INTO warehouse_receipts (
  id, organization_id, warehouse_id, wr_number, status,
  agency_id, consignee_id,
  total_actual_weight_lb, total_volumetric_weight_lb, total_billable_weight_lb,
  total_declared_value_usd, total_pieces, total_packages,
  has_damaged_package, has_dgr_package,
  warehouse_location_id,
  free_storage_override_days, free_storage_override_reason,
  is_unknown, received_by, notes, created_at, updated_at
) VALUES
  -- === MIA warehouse (WR 1-20) ===
  -- received (1-4)
  ('f5000000-0000-0000-0000-000000000001', 'a0000000-0000-0000-0000-000000000001', 'c0000000-0000-0000-0000-000000000001',
   'GLP0001', 'received',
   'f2000000-0000-0000-0000-000000000001', 'f4000000-0000-0000-0000-000000000001',
   3.50, 3.47, 3.50, 85.00, 1, 1, false, false,
   'e0000000-0000-0000-0000-000000000001', NULL, NULL, false,
   'b0000000-0000-0000-0000-000000000005', NULL, '2026-02-19T09:15:00Z', '2026-02-19T09:15:00Z'),

  ('f5000000-0000-0000-0000-000000000002', 'a0000000-0000-0000-0000-000000000001', 'c0000000-0000-0000-0000-000000000001',
   'GLP0002', 'received',
   'f2000000-0000-0000-0000-000000000001', 'f4000000-0000-0000-0000-000000000002',
   1.20, 0.84, 1.20, 25.00, 1, 1, false, false,
   'e0000000-0000-0000-0000-000000000001', NULL, NULL, false,
   'b0000000-0000-0000-0000-000000000005', NULL, '2026-02-20T10:30:00Z', '2026-02-20T10:30:00Z'),

  ('f5000000-0000-0000-0000-000000000003', 'a0000000-0000-0000-0000-000000000001', 'c0000000-0000-0000-0000-000000000001',
   'GLP0003', 'received',
   'f2000000-0000-0000-0000-000000000002', 'f4000000-0000-0000-0000-000000000004',
   5.80, 6.75, 6.75, 320.00, 1, 1, false, false,
   'e0000000-0000-0000-0000-000000000002', NULL, NULL, false,
   'b0000000-0000-0000-0000-000000000005', NULL, '2026-02-22T14:00:00Z', '2026-02-22T14:00:00Z'),

  ('f5000000-0000-0000-0000-000000000004', 'a0000000-0000-0000-0000-000000000001', 'c0000000-0000-0000-0000-000000000001',
   'GLP0004', 'received',
   'f2000000-0000-0000-0000-000000000001', 'f4000000-0000-0000-0000-000000000003',
   8.20, 13.01, 13.01, 180.00, 2, 1, false, false,
   'e0000000-0000-0000-0000-000000000002', NULL, NULL, false,
   'b0000000-0000-0000-0000-000000000005', NULL, '2026-02-24T11:45:00Z', '2026-02-24T11:45:00Z'),

  -- in_warehouse (5-10)
  ('f5000000-0000-0000-0000-000000000005', 'a0000000-0000-0000-0000-000000000001', 'c0000000-0000-0000-0000-000000000001',
   'GLP0005', 'in_warehouse',
   'f2000000-0000-0000-0000-000000000001', 'f4000000-0000-0000-0000-000000000001',
   12.50, 23.13, 23.13, 450.00, 1, 1, false, false,
   'e0000000-0000-0000-0000-000000000004', NULL, NULL, false,
   'b0000000-0000-0000-0000-000000000005', NULL, '2026-02-08T09:00:00Z', '2026-02-11T14:00:00Z'),

  ('f5000000-0000-0000-0000-000000000006', 'a0000000-0000-0000-0000-000000000001', 'c0000000-0000-0000-0000-000000000001',
   'GLP0006', 'in_warehouse',
   'f2000000-0000-0000-0000-000000000002', 'f4000000-0000-0000-0000-000000000005',
   2.30, 2.12, 2.30, 120.00, 1, 1, false, false,
   'e0000000-0000-0000-0000-000000000004', NULL, NULL, false,
   'b0000000-0000-0000-0000-000000000005', NULL, '2026-02-09T10:30:00Z', '2026-02-12T15:00:00Z'),

  ('f5000000-0000-0000-0000-000000000007', 'a0000000-0000-0000-0000-000000000001', 'c0000000-0000-0000-0000-000000000001',
   'GLP0007', 'in_warehouse',
   'f2000000-0000-0000-0000-000000000003', 'f4000000-0000-0000-0000-000000000006',
   7.80, 13.49, 13.49, 95.00, 3, 1, false, false,
   'e0000000-0000-0000-0000-000000000005', NULL, NULL, false,
   'b0000000-0000-0000-0000-000000000005', NULL, '2026-02-10T08:45:00Z', '2026-02-13T11:30:00Z'),

  ('f5000000-0000-0000-0000-000000000008', 'a0000000-0000-0000-0000-000000000001', 'c0000000-0000-0000-0000-000000000001',
   'GLP0008', 'in_warehouse',
   'f2000000-0000-0000-0000-000000000001', 'f4000000-0000-0000-0000-000000000002',
   4.60, 4.94, 4.94, 65.00, 1, 1, false, false,
   'e0000000-0000-0000-0000-000000000005', NULL, NULL, false,
   'b0000000-0000-0000-0000-000000000005', NULL, '2026-02-11T13:15:00Z', '2026-02-14T09:00:00Z'),

  ('f5000000-0000-0000-0000-000000000009', 'a0000000-0000-0000-0000-000000000001', 'c0000000-0000-0000-0000-000000000001',
   'GLP0009', 'in_warehouse',
   'f2000000-0000-0000-0000-000000000004', 'f4000000-0000-0000-0000-000000000008',
   15.30, 36.43, 36.43, 380.00, 1, 1, false, false,
   'e0000000-0000-0000-0000-000000000006', NULL, NULL, false,
   'b0000000-0000-0000-0000-000000000005', NULL, '2026-02-12T11:00:00Z', '2026-02-15T14:30:00Z'),

  ('f5000000-0000-0000-0000-00000000000a', 'a0000000-0000-0000-0000-000000000001', 'c0000000-0000-0000-0000-000000000001',
   'GLP0010', 'in_warehouse',
   'f2000000-0000-0000-0000-000000000001', 'f4000000-0000-0000-0000-000000000003',
   6.70, 8.95, 8.95, 210.00, 1, 1, false, false,
   'e0000000-0000-0000-0000-000000000006', NULL, NULL, false,
   'b0000000-0000-0000-0000-000000000005', NULL, '2026-02-13T09:30:00Z', '2026-02-16T10:00:00Z'),

  -- in_work_order (11-14)
  ('f5000000-0000-0000-0000-00000000000b', 'a0000000-0000-0000-0000-000000000001', 'c0000000-0000-0000-0000-000000000001',
   'GLP0011', 'in_work_order',
   'f2000000-0000-0000-0000-000000000001', 'f4000000-0000-0000-0000-000000000001',
   22.40, 54.22, 54.22, 520.00, 1, 1, false, false,
   'e0000000-0000-0000-0000-000000000004', NULL, NULL, false,
   'b0000000-0000-0000-0000-000000000005', NULL, '2026-01-25T09:00:00Z', '2026-02-24T16:00:00Z'),

  ('f5000000-0000-0000-0000-00000000000c', 'a0000000-0000-0000-0000-000000000001', 'c0000000-0000-0000-0000-000000000001',
   'GLP0012', 'in_work_order',
   'f2000000-0000-0000-0000-000000000002', 'f4000000-0000-0000-0000-000000000004',
   3.10, 2.89, 3.10, 75.00, 2, 1, false, false,
   'e0000000-0000-0000-0000-000000000005', NULL, NULL, false,
   'b0000000-0000-0000-0000-000000000005', NULL, '2026-01-27T10:30:00Z', '2026-02-25T11:00:00Z'),

  ('f5000000-0000-0000-0000-00000000000d', 'a0000000-0000-0000-0000-000000000001', 'c0000000-0000-0000-0000-000000000001',
   'GLP0013', 'in_work_order',
   'f2000000-0000-0000-0000-000000000001', 'f4000000-0000-0000-0000-000000000002',
   9.50, 16.70, 16.70, 150.00, 1, 1, false, false,
   'e0000000-0000-0000-0000-000000000004', NULL, NULL, false,
   'b0000000-0000-0000-0000-000000000005', NULL, '2026-01-28T14:00:00Z', '2026-02-26T09:30:00Z'),

  ('f5000000-0000-0000-0000-00000000000e', 'a0000000-0000-0000-0000-000000000001', 'c0000000-0000-0000-0000-000000000001',
   'GLP0014', 'in_work_order',
   'f2000000-0000-0000-0000-000000000003', 'f4000000-0000-0000-0000-000000000007',
   18.00, 29.69, 29.69, 280.00, 1, 1, false, false,
   'e0000000-0000-0000-0000-000000000005', NULL, NULL, false,
   'b0000000-0000-0000-0000-000000000005', NULL, '2026-01-29T11:00:00Z', '2026-02-26T14:00:00Z'),

  -- in_dispatch (15-18)
  ('f5000000-0000-0000-0000-00000000000f', 'a0000000-0000-0000-0000-000000000001', 'c0000000-0000-0000-0000-000000000001',
   'GLP0015', 'in_dispatch',
   'f2000000-0000-0000-0000-000000000001', 'f4000000-0000-0000-0000-000000000001',
   10.20, 16.87, 16.87, 190.00, 1, 1, false, false,
   'e0000000-0000-0000-0000-000000000007', NULL, NULL, false,
   'b0000000-0000-0000-0000-000000000005', NULL, '2026-01-10T09:00:00Z', '2026-02-27T10:00:00Z'),

  ('f5000000-0000-0000-0000-000000000010', 'a0000000-0000-0000-0000-000000000001', 'c0000000-0000-0000-0000-000000000001',
   'GLP0016', 'in_dispatch',
   'f2000000-0000-0000-0000-000000000001', 'f4000000-0000-0000-0000-000000000002',
   7.80, 9.25, 9.25, 250.00, 1, 1, false, false,
   'e0000000-0000-0000-0000-000000000007', NULL, NULL, false,
   'b0000000-0000-0000-0000-000000000005', NULL, '2026-01-11T10:30:00Z', '2026-02-27T14:30:00Z'),

  ('f5000000-0000-0000-0000-000000000011', 'a0000000-0000-0000-0000-000000000001', 'c0000000-0000-0000-0000-000000000001',
   'GLP0017', 'in_dispatch',
   'f2000000-0000-0000-0000-000000000001', 'f4000000-0000-0000-0000-000000000003',
   4.50, 5.06, 5.06, 45.00, 1, 1, false, false,
   'e0000000-0000-0000-0000-000000000008', NULL, NULL, false,
   'b0000000-0000-0000-0000-000000000005', NULL, '2026-01-12T11:15:00Z', '2026-02-28T09:00:00Z'),

  ('f5000000-0000-0000-0000-000000000012', 'a0000000-0000-0000-0000-000000000001', 'c0000000-0000-0000-0000-000000000001',
   'GLP0018', 'in_dispatch',
   'f2000000-0000-0000-0000-000000000002', 'f4000000-0000-0000-0000-000000000005',
   2.80, 1.59, 2.80, 95.00, 1, 1, false, false,
   'e0000000-0000-0000-0000-000000000008', NULL, NULL, false,
   'b0000000-0000-0000-0000-000000000005', NULL, '2026-01-13T13:45:00Z', '2026-02-28T15:00:00Z'),

  -- dispatched (19-20 at MIA)
  ('f5000000-0000-0000-0000-000000000013', 'a0000000-0000-0000-0000-000000000001', 'c0000000-0000-0000-0000-000000000001',
   'GLP0019', 'dispatched',
   'f2000000-0000-0000-0000-000000000001', 'f4000000-0000-0000-0000-000000000001',
   5.40, 5.90, 5.90, 110.00, 1, 1, false, false,
   'e0000000-0000-0000-0000-000000000007', NULL, NULL, false,
   'b0000000-0000-0000-0000-000000000005', NULL, '2025-12-20T09:00:00Z', '2026-02-20T14:00:00Z'),

  ('f5000000-0000-0000-0000-000000000014', 'a0000000-0000-0000-0000-000000000001', 'c0000000-0000-0000-0000-000000000001',
   'GLP0020', 'dispatched',
   'f2000000-0000-0000-0000-000000000003', 'f4000000-0000-0000-0000-000000000006',
   11.30, 20.24, 20.24, 175.00, 2, 1, false, false,
   'e0000000-0000-0000-0000-000000000008', NULL, NULL, false,
   'b0000000-0000-0000-0000-000000000005', NULL, '2025-12-22T10:30:00Z', '2026-02-22T11:00:00Z'),

  -- === GYE warehouse (WR 21-25) ===
  -- received (21-22)
  ('f5000000-0000-0000-0000-000000000015', 'a0000000-0000-0000-0000-000000000001', 'c0000000-0000-0000-0000-000000000002',
   'GLP0021', 'received',
   'f2000000-0000-0000-0000-000000000001', 'f4000000-0000-0000-0000-000000000001',
   6.20, 7.95, 7.95, 350.00, 1, 1, false, false,
   'e0000000-0000-0000-0000-00000000000a', NULL, NULL, false,
   'b0000000-0000-0000-0000-000000000006', NULL, '2026-02-24T09:30:00Z', '2026-02-24T09:30:00Z'),

  ('f5000000-0000-0000-0000-000000000016', 'a0000000-0000-0000-0000-000000000001', 'c0000000-0000-0000-0000-000000000002',
   'GLP0022', 'received',
   'f2000000-0000-0000-0000-000000000002', 'f4000000-0000-0000-0000-000000000005',
   3.90, 3.25, 3.90, 60.00, 2, 1, false, false,
   'e0000000-0000-0000-0000-00000000000a', NULL, NULL, false,
   'b0000000-0000-0000-0000-000000000006', NULL, '2026-02-25T11:00:00Z', '2026-02-25T11:00:00Z'),

  -- damaged (23-24)
  ('f5000000-0000-0000-0000-000000000017', 'a0000000-0000-0000-0000-000000000001', 'c0000000-0000-0000-0000-000000000002',
   'GLP0023', 'damaged',
   'f2000000-0000-0000-0000-000000000001', 'f4000000-0000-0000-0000-000000000002',
   4.80, 4.70, 4.80, 95.00, 1, 1, true, false,
   'e0000000-0000-0000-0000-00000000000b', NULL, NULL, false,
   'b0000000-0000-0000-0000-000000000006', NULL, '2026-02-15T08:30:00Z', '2026-02-22T10:00:00Z'),

  ('f5000000-0000-0000-0000-000000000018', 'a0000000-0000-0000-0000-000000000001', 'c0000000-0000-0000-0000-000000000002',
   'GLP0024', 'damaged',
   'f2000000-0000-0000-0000-000000000001', 'f4000000-0000-0000-0000-000000000003',
   2.10, 1.93, 2.10, 35.00, 1, 1, true, false,
   'e0000000-0000-0000-0000-00000000000b', NULL, NULL, false,
   'b0000000-0000-0000-0000-000000000006', NULL, '2026-02-14T14:00:00Z', '2026-02-22T11:30:00Z'),

  -- abandoned (25)
  ('f5000000-0000-0000-0000-000000000019', 'a0000000-0000-0000-0000-000000000001', 'c0000000-0000-0000-0000-000000000002',
   'GLP0025', 'abandoned',
   'f2000000-0000-0000-0000-000000000001', 'f4000000-0000-0000-0000-000000000001',
   1.50, 1.27, 1.50, 20.00, 1, 1, false, false,
   'e0000000-0000-0000-0000-00000000000d', NULL, NULL, false,
   'b0000000-0000-0000-0000-000000000006', NULL, '2025-11-25T10:00:00Z', '2026-02-28T09:00:00Z'),

  -- === LAX warehouse (WR 26-28) ===
  ('f5000000-0000-0000-0000-00000000001a', 'a0000000-0000-0000-0000-000000000002', 'c0000000-0000-0000-0000-000000000004',
   'GLP0026', 'received',
   'f2000000-0000-0000-0000-000000000006', 'f4000000-0000-0000-0000-000000000009',
   8.90, 15.18, 15.18, 220.00, 1, 1, false, false,
   'e0000000-0000-0000-0000-00000000001c', NULL, NULL, false,
   'b0000000-0000-0000-0000-00000000000d', NULL, '2026-02-26T10:00:00Z', '2026-02-26T10:00:00Z'),

  ('f5000000-0000-0000-0000-00000000001b', 'a0000000-0000-0000-0000-000000000002', 'c0000000-0000-0000-0000-000000000004',
   'GLP0027', 'dispatched',
   'f2000000-0000-0000-0000-000000000006', 'f4000000-0000-0000-0000-000000000009',
   5.20, 6.75, 6.75, 150.00, 1, 1, false, false,
   'e0000000-0000-0000-0000-00000000001e', NULL, NULL, false,
   'b0000000-0000-0000-0000-00000000000d', NULL, '2026-01-15T09:30:00Z', '2026-02-25T16:00:00Z'),

  ('f5000000-0000-0000-0000-00000000001c', 'a0000000-0000-0000-0000-000000000002', 'c0000000-0000-0000-0000-000000000004',
   'GLP0028', 'dispatched',
   'f2000000-0000-0000-0000-000000000006', 'f4000000-0000-0000-0000-000000000009',
   3.40, 3.47, 3.47, 85.00, 1, 1, false, false,
   'e0000000-0000-0000-0000-00000000001e', NULL, NULL, false,
   'b0000000-0000-0000-0000-00000000000d', NULL, '2026-01-18T11:00:00Z', '2026-02-27T14:00:00Z'),

  -- === JFK warehouse (WR 29-30) ===
  ('f5000000-0000-0000-0000-00000000001d', 'a0000000-0000-0000-0000-000000000003', 'c0000000-0000-0000-0000-000000000006',
   'GLP0029', 'received',
   NULL, NULL,
   4.30, 4.94, 4.94, 0, 1, 1, false, false,
   'e0000000-0000-0000-0000-000000000024', NULL, NULL, true,
   'b0000000-0000-0000-0000-00000000000e', NULL, '2026-02-27T09:00:00Z', '2026-02-27T09:00:00Z'),

  ('f5000000-0000-0000-0000-00000000001e', 'a0000000-0000-0000-0000-000000000003', 'c0000000-0000-0000-0000-000000000006',
   'GLP0030', 'received',
   'f2000000-0000-0000-0000-000000000008', 'f4000000-0000-0000-0000-00000000000a',
   6.80, 9.76, 9.76, 140.00, 1, 1, false, false,
   'e0000000-0000-0000-0000-000000000024', NULL, NULL, false,
   'b0000000-0000-0000-0000-00000000000e', NULL, '2026-02-28T10:30:00Z', '2026-02-28T10:30:00Z'),

  -- === MIA warehouse unknown WRs (31-32) ===
  ('f5000000-0000-0000-0000-00000000001f', 'a0000000-0000-0000-0000-000000000001', 'c0000000-0000-0000-0000-000000000001',
   'GLP0031', 'received',
   NULL, NULL,
   2.80, 2.65, 2.80, 0, 1, 1, false, false,
   'e0000000-0000-0000-0000-000000000001', NULL, NULL, true,
   'b0000000-0000-0000-0000-000000000005', NULL, '2026-02-26T15:30:00Z', '2026-02-26T15:30:00Z'),

  ('f5000000-0000-0000-0000-000000000020', 'a0000000-0000-0000-0000-000000000001', 'c0000000-0000-0000-0000-000000000001',
   'GLP0032', 'received',
   NULL, NULL,
   5.10, 5.90, 5.90, 0, 1, 1, false, false,
   'e0000000-0000-0000-0000-000000000003', NULL, NULL, true,
   'b0000000-0000-0000-0000-000000000005', NULL, '2026-02-27T11:00:00Z', '2026-02-27T11:00:00Z'),

  -- === WR33: Multi-package demo (MIA, 2 packages) ===
  ('f5000000-0000-0000-0000-000000000021', 'a0000000-0000-0000-0000-000000000001', 'c0000000-0000-0000-0000-000000000001',
   'GLP0033', 'in_warehouse',
   'f2000000-0000-0000-0000-000000000001', 'f4000000-0000-0000-0000-000000000001',
   11.00, 10.10, 11.00, 290.00, 2, 2, false, false,
   'e0000000-0000-0000-0000-000000000004', NULL, NULL, false,
   'b0000000-0000-0000-0000-000000000005', NULL, '2026-02-28T16:00:00Z', '2026-02-28T16:00:00Z'),

  -- === WR34: Multi-package demo (MIA, 3 packages, one damaged) ===
  ('f5000000-0000-0000-0000-000000000022', 'a0000000-0000-0000-0000-000000000001', 'c0000000-0000-0000-0000-000000000001',
   'GLP0034', 'received',
   'f2000000-0000-0000-0000-000000000002', 'f4000000-0000-0000-0000-000000000004',
   14.60, 17.28, 17.28, 430.00, 3, 3, true, false,
   'e0000000-0000-0000-0000-000000000001', NULL, NULL, false,
   'b0000000-0000-0000-0000-000000000005', NULL, '2026-03-01T09:00:00Z', '2026-03-01T09:00:00Z')
ON CONFLICT (id) DO NOTHING;

-- ============================================================================
-- 14b. PACKAGES (one per WR for WR1-32, multi-package for WR33-34)
-- ============================================================================

INSERT INTO packages (
  id, organization_id, warehouse_receipt_id,
  tracking_number, carrier, actual_weight_lb,
  length_in, width_in, height_in,
  volumetric_weight_lb, billable_weight_lb,
  content_description, declared_value_usd, sender_name, pieces_count,
  is_dgr, dgr_class, is_damaged, damage_description,
  created_at, updated_at
) VALUES
  -- WR1
  ('f5100000-0000-0000-0000-000000000001', 'a0000000-0000-0000-0000-000000000001', 'f5000000-0000-0000-0000-000000000001',
   '1Z999AA10123456784', 'UPS', 3.50, 12.0, 8.0, 6.0, 3.47, 3.50,
   'Ropa y accesorios', 85.00, 'Amazon.com', 1, false, NULL, false, NULL,
   '2026-02-19T09:15:00Z', '2026-02-19T09:15:00Z'),
  -- WR2
  ('f5100000-0000-0000-0000-000000000002', 'a0000000-0000-0000-0000-000000000001', 'f5000000-0000-0000-0000-000000000002',
   '9400111899223100001', 'USPS', 1.20, 10.0, 7.0, 2.0, 0.84, 1.20,
   'Documentos legales', 25.00, 'Law Office LLC', 1, false, NULL, false, NULL,
   '2026-02-20T10:30:00Z', '2026-02-20T10:30:00Z'),
  -- WR3
  ('f5100000-0000-0000-0000-000000000003', 'a0000000-0000-0000-0000-000000000001', 'f5000000-0000-0000-0000-000000000003',
   '794644790055', 'FedEx', 5.80, 14.0, 10.0, 8.0, 6.75, 6.75,
   'Electronica - tablet', 320.00, 'Best Buy', 1, false, NULL, false, NULL,
   '2026-02-22T14:00:00Z', '2026-02-22T14:00:00Z'),
  -- WR4
  ('f5100000-0000-0000-0000-000000000004', 'a0000000-0000-0000-0000-000000000001', 'f5000000-0000-0000-0000-000000000004',
   '1Z999BB20234567895', 'UPS', 8.20, 18.0, 12.0, 10.0, 13.01, 13.01,
   'Zapatos deportivos x2', 180.00, 'Nike.com', 2, false, NULL, false, NULL,
   '2026-02-24T11:45:00Z', '2026-02-24T11:45:00Z'),
  -- WR5
  ('f5100000-0000-0000-0000-000000000005', 'a0000000-0000-0000-0000-000000000001', 'f5000000-0000-0000-0000-000000000005',
   '794644790066', 'FedEx', 12.50, 20.0, 16.0, 12.0, 23.13, 23.13,
   'Repuestos automotrices', 450.00, 'AutoZone', 1, false, NULL, false, NULL,
   '2026-02-08T09:00:00Z', '2026-02-11T14:00:00Z'),
  -- WR6
  ('f5100000-0000-0000-0000-000000000006', 'a0000000-0000-0000-0000-000000000001', 'f5000000-0000-0000-0000-000000000006',
   '420331509400111899223100002', 'USPS', 2.30, 11.0, 8.0, 4.0, 2.12, 2.30,
   'Cosmeticos y perfumes', 120.00, 'Sephora', 1, false, NULL, false, NULL,
   '2026-02-09T10:30:00Z', '2026-02-12T15:00:00Z'),
  -- WR7
  ('f5100000-0000-0000-0000-000000000007', 'a0000000-0000-0000-0000-000000000001', 'f5000000-0000-0000-0000-000000000007',
   'JNTCU0600144835YQ', 'DHL', 7.80, 16.0, 14.0, 10.0, 13.49, 13.49,
   'Libros y material educativo', 95.00, 'Amazon.com', 3, false, NULL, false, NULL,
   '2026-02-10T08:45:00Z', '2026-02-13T11:30:00Z'),
  -- WR8
  ('f5100000-0000-0000-0000-000000000008', 'a0000000-0000-0000-0000-000000000001', 'f5000000-0000-0000-0000-000000000008',
   '1Z999CC30345678906', 'UPS', 4.60, 13.0, 9.0, 7.0, 4.94, 4.94,
   'Suplementos alimenticios', 65.00, 'GNC', 1, false, NULL, false, NULL,
   '2026-02-11T13:15:00Z', '2026-02-14T09:00:00Z'),
  -- WR9
  ('f5100000-0000-0000-0000-000000000009', 'a0000000-0000-0000-0000-000000000001', 'f5000000-0000-0000-0000-000000000009',
   'TBA303869254000', 'Amazon', 15.30, 24.0, 18.0, 14.0, 36.43, 36.43,
   'Herramientas electricas', 380.00, 'Amazon.com', 1, false, NULL, false, NULL,
   '2026-02-12T11:00:00Z', '2026-02-15T14:30:00Z'),
  -- WR10
  ('f5100000-0000-0000-0000-00000000000a', 'a0000000-0000-0000-0000-000000000001', 'f5000000-0000-0000-0000-00000000000a',
   '794644790077', 'FedEx', 6.70, 15.0, 11.0, 9.0, 8.95, 8.95,
   'Ropa de invierno', 210.00, 'North Face', 1, false, NULL, false, NULL,
   '2026-02-13T09:30:00Z', '2026-02-16T10:00:00Z'),
  -- WR11
  ('f5100000-0000-0000-0000-00000000000b', 'a0000000-0000-0000-0000-000000000001', 'f5000000-0000-0000-0000-00000000000b',
   '1Z999DD40456789017', 'UPS', 22.40, 30.0, 20.0, 15.0, 54.22, 54.22,
   'Equipo de gimnasio', 520.00, 'Rogue Fitness', 1, false, NULL, false, NULL,
   '2026-01-25T09:00:00Z', '2026-02-24T16:00:00Z'),
  -- WR12
  ('f5100000-0000-0000-0000-00000000000c', 'a0000000-0000-0000-0000-000000000001', 'f5000000-0000-0000-0000-00000000000c',
   '9400111899223100003', 'USPS', 3.10, 12.0, 8.0, 5.0, 2.89, 3.10,
   'Accesorios para celular', 75.00, 'Apple Store', 2, false, NULL, false, NULL,
   '2026-01-27T10:30:00Z', '2026-02-25T11:00:00Z'),
  -- WR13
  ('f5100000-0000-0000-0000-00000000000d', 'a0000000-0000-0000-0000-000000000001', 'f5000000-0000-0000-0000-00000000000d',
   'JNTCU0600144835ZR', 'DHL', 9.50, 18.0, 14.0, 11.0, 16.70, 16.70,
   'Juguetes educativos', 150.00, 'Melissa & Doug', 1, false, NULL, false, NULL,
   '2026-01-28T14:00:00Z', '2026-02-26T09:30:00Z'),
  -- WR14
  ('f5100000-0000-0000-0000-00000000000e', 'a0000000-0000-0000-0000-000000000001', 'f5000000-0000-0000-0000-00000000000e',
   '794644790088', 'FedEx', 18.00, 22.0, 16.0, 14.0, 29.69, 29.69,
   'Articulos de cocina', 280.00, 'Williams Sonoma', 1, false, NULL, false, NULL,
   '2026-01-29T11:00:00Z', '2026-02-26T14:00:00Z'),
  -- WR15
  ('f5100000-0000-0000-0000-00000000000f', 'a0000000-0000-0000-0000-000000000001', 'f5000000-0000-0000-0000-00000000000f',
   '1Z999EE50567890128', 'UPS', 10.20, 20.0, 14.0, 10.0, 16.87, 16.87,
   'Vitaminas y medicinas OTC', 190.00, 'Walgreens', 1, false, NULL, false, NULL,
   '2026-01-10T09:00:00Z', '2026-02-27T10:00:00Z'),
  -- WR16
  ('f5100000-0000-0000-0000-000000000010', 'a0000000-0000-0000-0000-000000000001', 'f5000000-0000-0000-0000-000000000010',
   'TBA303869254001', 'Amazon', 7.80, 16.0, 12.0, 8.0, 9.25, 9.25,
   'Audifonos inalambricos', 250.00, 'Amazon.com', 1, false, NULL, false, NULL,
   '2026-01-11T10:30:00Z', '2026-02-27T14:30:00Z'),
  -- WR17
  ('f5100000-0000-0000-0000-000000000011', 'a0000000-0000-0000-0000-000000000001', 'f5000000-0000-0000-0000-000000000011',
   '794644790099', 'FedEx', 4.50, 14.0, 10.0, 6.0, 5.06, 5.06,
   'Cargadores y cables', 45.00, 'Anker', 1, false, NULL, false, NULL,
   '2026-01-12T11:15:00Z', '2026-02-28T09:00:00Z'),
  -- WR18
  ('f5100000-0000-0000-0000-000000000012', 'a0000000-0000-0000-0000-000000000001', 'f5000000-0000-0000-0000-000000000012',
   '9400111899223100004', 'USPS', 2.80, 11.0, 8.0, 3.0, 1.59, 2.80,
   'Joyeria y bisuteria', 95.00, 'Etsy Seller', 1, false, NULL, false, NULL,
   '2026-01-13T13:45:00Z', '2026-02-28T15:00:00Z'),
  -- WR19
  ('f5100000-0000-0000-0000-000000000013', 'a0000000-0000-0000-0000-000000000001', 'f5000000-0000-0000-0000-000000000013',
   '1Z999FF60678901239', 'UPS', 5.40, 14.0, 10.0, 7.0, 5.90, 5.90,
   'Ropa de bebe', 110.00, 'Carter''s', 1, false, NULL, false, NULL,
   '2025-12-20T09:00:00Z', '2026-02-20T14:00:00Z'),
  -- WR20
  ('f5100000-0000-0000-0000-000000000014', 'a0000000-0000-0000-0000-000000000001', 'f5000000-0000-0000-0000-000000000014',
   'JNTCU0600144835AS', 'DHL', 11.30, 20.0, 14.0, 12.0, 20.24, 20.24,
   'Material de oficina', 175.00, 'Staples', 2, false, NULL, false, NULL,
   '2025-12-22T10:30:00Z', '2026-02-22T11:00:00Z'),
  -- WR21
  ('f5100000-0000-0000-0000-000000000015', 'a0000000-0000-0000-0000-000000000001', 'f5000000-0000-0000-0000-000000000015',
   '794644790100', 'FedEx', 6.20, 15.0, 11.0, 8.0, 7.95, 7.95,
   'Piezas de computadora', 350.00, 'Newegg', 1, false, NULL, false, NULL,
   '2026-02-24T09:30:00Z', '2026-02-24T09:30:00Z'),
  -- WR22
  ('f5100000-0000-0000-0000-000000000016', 'a0000000-0000-0000-0000-000000000001', 'f5000000-0000-0000-0000-000000000016',
   '1Z999GG70789012340', 'UPS', 3.90, 12.0, 9.0, 5.0, 3.25, 3.90,
   'Libros de texto', 60.00, 'Chegg', 2, false, NULL, false, NULL,
   '2026-02-25T11:00:00Z', '2026-02-25T11:00:00Z'),
  -- WR23 (damaged)
  ('f5100000-0000-0000-0000-000000000017', 'a0000000-0000-0000-0000-000000000001', 'f5000000-0000-0000-0000-000000000017',
   'TBA303869254002', 'Amazon', 4.80, 13.0, 10.0, 6.0, 4.70, 4.80,
   'Vajilla de ceramica', 95.00, 'Crate & Barrel', 1, false, NULL,
   true, 'Caja aplastada, 2 platos rotos. Dano visible en esquina inferior derecha.',
   '2026-02-15T08:30:00Z', '2026-02-22T10:00:00Z'),
  -- WR24 (damaged)
  ('f5100000-0000-0000-0000-000000000018', 'a0000000-0000-0000-0000-000000000001', 'f5000000-0000-0000-0000-000000000018',
   '9400111899223100005', 'USPS', 2.10, 10.0, 8.0, 4.0, 1.93, 2.10,
   'Marco de fotos de vidrio', 35.00, 'Etsy Seller', 1, false, NULL,
   true, 'Vidrio roto durante transporte. Empaque insuficiente.',
   '2026-02-14T14:00:00Z', '2026-02-22T11:30:00Z'),
  -- WR25
  ('f5100000-0000-0000-0000-000000000019', 'a0000000-0000-0000-0000-000000000001', 'f5000000-0000-0000-0000-000000000019',
   '794644790111', 'FedEx', 1.50, 10.0, 7.0, 3.0, 1.27, 1.50,
   'Articulo desconocido', 20.00, 'Unknown Sender', 1, false, NULL, false, NULL,
   '2025-11-25T10:00:00Z', '2026-02-28T09:00:00Z'),
  -- WR26
  ('f5100000-0000-0000-0000-00000000001a', 'a0000000-0000-0000-0000-000000000002', 'f5000000-0000-0000-0000-00000000001a',
   '1Z999HH80890123451', 'UPS', 8.90, 18.0, 14.0, 10.0, 15.18, 15.18,
   'Electrodomesticos pequenos', 220.00, 'Target', 1, false, NULL, false, NULL,
   '2026-02-26T10:00:00Z', '2026-02-26T10:00:00Z'),
  -- WR27
  ('f5100000-0000-0000-0000-00000000001b', 'a0000000-0000-0000-0000-000000000002', 'f5000000-0000-0000-0000-00000000001b',
   'TBA303869254003', 'Amazon', 5.20, 14.0, 10.0, 8.0, 6.75, 6.75,
   'Productos de belleza', 150.00, 'Ulta Beauty', 1, false, NULL, false, NULL,
   '2026-01-15T09:30:00Z', '2026-02-25T16:00:00Z'),
  -- WR28
  ('f5100000-0000-0000-0000-00000000001c', 'a0000000-0000-0000-0000-000000000002', 'f5000000-0000-0000-0000-00000000001c',
   '794644790122', 'FedEx', 3.40, 12.0, 8.0, 6.0, 3.47, 3.47,
   'Accesorios deportivos', 85.00, 'Dick''s Sporting', 1, false, NULL, false, NULL,
   '2026-01-18T11:00:00Z', '2026-02-27T14:00:00Z'),
  -- WR29 (unknown)
  ('f5100000-0000-0000-0000-00000000001d', 'a0000000-0000-0000-0000-000000000003', 'f5000000-0000-0000-0000-00000000001d',
   '1Z999II90901234562', 'UPS', 4.30, 13.0, 9.0, 7.0, 4.94, 4.94,
   NULL, NULL, 'Unknown', 1, false, NULL, false, NULL,
   '2026-02-27T09:00:00Z', '2026-02-27T09:00:00Z'),
  -- WR30
  ('f5100000-0000-0000-0000-00000000001e', 'a0000000-0000-0000-0000-000000000003', 'f5000000-0000-0000-0000-00000000001e',
   'JNTCU0600144835BT', 'DHL', 6.80, 15.0, 12.0, 9.0, 9.76, 9.76,
   'Ropa casual', 140.00, 'Zara.com', 1, false, NULL, false, NULL,
   '2026-02-28T10:30:00Z', '2026-02-28T10:30:00Z'),
  -- WR31 (unknown)
  ('f5100000-0000-0000-0000-00000000001f', 'a0000000-0000-0000-0000-000000000001', 'f5000000-0000-0000-0000-00000000001f',
   '1Z999JJ10012345671', 'UPS', 2.80, 11.0, 8.0, 5.0, 2.65, 2.80,
   NULL, NULL, 'Unknown Sender', 1, false, NULL, false, NULL,
   '2026-02-26T15:30:00Z', '2026-02-26T15:30:00Z'),
  -- WR32 (unknown)
  ('f5100000-0000-0000-0000-000000000020', 'a0000000-0000-0000-0000-000000000001', 'f5000000-0000-0000-0000-000000000020',
   '9400111899223100099', 'USPS', 5.10, 14.0, 10.0, 7.0, 5.90, 5.90,
   NULL, NULL, 'Remitente Desconocido', 1, false, NULL, false, NULL,
   '2026-02-27T11:00:00Z', '2026-02-27T11:00:00Z'),
  -- WR33 package A
  ('f5100000-0000-0000-0000-000000000021', 'a0000000-0000-0000-0000-000000000001', 'f5000000-0000-0000-0000-000000000021',
   'TBA303869254010', 'Amazon', 6.00, 14.0, 10.0, 8.0, 6.75, 6.75,
   'Ropa deportiva', 150.00, 'Nike.com', 1, false, NULL, false, NULL,
   '2026-02-28T16:00:00Z', '2026-02-28T16:00:00Z'),
  -- WR33 package B
  ('f5100000-0000-0000-0000-000000000022', 'a0000000-0000-0000-0000-000000000001', 'f5000000-0000-0000-0000-000000000021',
   '1Z999KK20123456782', 'UPS', 5.00, 12.0, 8.0, 5.0, 3.35, 5.00,
   'Accesorios deportivos', 140.00, 'Nike.com', 1, false, NULL, false, NULL,
   '2026-02-28T16:05:00Z', '2026-02-28T16:05:00Z'),
  -- WR34 package A
  ('f5100000-0000-0000-0000-000000000023', 'a0000000-0000-0000-0000-000000000001', 'f5000000-0000-0000-0000-000000000022',
   '794644790200', 'FedEx', 4.80, 14.0, 10.0, 6.0, 5.06, 5.06,
   'Electronica - monitor', 200.00, 'Best Buy', 1, false, NULL, false, NULL,
   '2026-03-01T09:00:00Z', '2026-03-01T09:00:00Z'),
  -- WR34 package B (damaged)
  ('f5100000-0000-0000-0000-000000000024', 'a0000000-0000-0000-0000-000000000001', 'f5000000-0000-0000-0000-000000000022',
   '794644790201', 'FedEx', 3.80, 12.0, 8.0, 6.0, 3.47, 3.80,
   'Teclado mecanico', 130.00, 'Best Buy', 1, false, NULL,
   true, 'Caja con abolladuras en esquina.',
   '2026-03-01T09:05:00Z', '2026-03-01T09:05:00Z'),
  -- WR34 package C
  ('f5100000-0000-0000-0000-000000000025', 'a0000000-0000-0000-0000-000000000001', 'f5000000-0000-0000-0000-000000000022',
   '794644790202', 'FedEx', 6.00, 16.0, 12.0, 8.0, 8.75, 8.75,
   'Mouse y accesorios', 100.00, 'Best Buy', 1, false, NULL, false, NULL,
   '2026-03-01T09:10:00Z', '2026-03-01T09:10:00Z')
ON CONFLICT (id) DO NOTHING;

-- ============================================================================
-- 15. WR STATUS HISTORY
-- ============================================================================

INSERT INTO wr_status_history (id, organization_id, warehouse_receipt_id, old_status, new_status, changed_by, reason, created_at)
VALUES
  -- received WRs (1-4): just initial received
  ('f6000000-0000-0000-0000-000000000001', 'a0000000-0000-0000-0000-000000000001', 'f5000000-0000-0000-0000-000000000001', NULL, 'received', 'b0000000-0000-0000-0000-000000000005', 'Paquete recibido en bodega', '2026-02-19T09:15:00Z'),
  ('f6000000-0000-0000-0000-000000000002', 'a0000000-0000-0000-0000-000000000001', 'f5000000-0000-0000-0000-000000000002', NULL, 'received', 'b0000000-0000-0000-0000-000000000005', 'Paquete recibido en bodega', '2026-02-20T10:30:00Z'),
  ('f6000000-0000-0000-0000-000000000003', 'a0000000-0000-0000-0000-000000000001', 'f5000000-0000-0000-0000-000000000003', NULL, 'received', 'b0000000-0000-0000-0000-000000000005', 'Paquete recibido en bodega', '2026-02-22T14:00:00Z'),
  ('f6000000-0000-0000-0000-000000000004', 'a0000000-0000-0000-0000-000000000001', 'f5000000-0000-0000-0000-000000000004', NULL, 'received', 'b0000000-0000-0000-0000-000000000005', 'Paquete recibido en bodega', '2026-02-24T11:45:00Z'),
  -- in_warehouse WRs (5-10): received -> in_warehouse
  ('f6000000-0000-0000-0000-000000000005', 'a0000000-0000-0000-0000-000000000001', 'f5000000-0000-0000-0000-000000000005', NULL,       'received',      'b0000000-0000-0000-0000-000000000005', 'Paquete recibido', '2026-02-08T09:00:00Z'),
  ('f6000000-0000-0000-0000-000000000006', 'a0000000-0000-0000-0000-000000000001', 'f5000000-0000-0000-0000-000000000005', 'received', 'in_warehouse',  'b0000000-0000-0000-0000-000000000005', 'Ubicado en almacen', '2026-02-11T14:00:00Z'),
  ('f6000000-0000-0000-0000-000000000007', 'a0000000-0000-0000-0000-000000000001', 'f5000000-0000-0000-0000-000000000006', NULL,       'received',      'b0000000-0000-0000-0000-000000000005', 'Paquete recibido', '2026-02-09T10:30:00Z'),
  ('f6000000-0000-0000-0000-000000000008', 'a0000000-0000-0000-0000-000000000001', 'f5000000-0000-0000-0000-000000000006', 'received', 'in_warehouse',  'b0000000-0000-0000-0000-000000000005', 'Ubicado en almacen', '2026-02-12T15:00:00Z'),
  ('f6000000-0000-0000-0000-000000000009', 'a0000000-0000-0000-0000-000000000001', 'f5000000-0000-0000-0000-000000000007', NULL,       'received',      'b0000000-0000-0000-0000-000000000005', 'Paquete recibido', '2026-02-10T08:45:00Z'),
  ('f6000000-0000-0000-0000-00000000000a', 'a0000000-0000-0000-0000-000000000001', 'f5000000-0000-0000-0000-000000000007', 'received', 'in_warehouse',  'b0000000-0000-0000-0000-000000000005', 'Ubicado en almacen', '2026-02-13T11:30:00Z'),
  ('f6000000-0000-0000-0000-00000000000b', 'a0000000-0000-0000-0000-000000000001', 'f5000000-0000-0000-0000-000000000008', NULL,       'received',      'b0000000-0000-0000-0000-000000000005', 'Paquete recibido', '2026-02-11T13:15:00Z'),
  ('f6000000-0000-0000-0000-00000000000c', 'a0000000-0000-0000-0000-000000000001', 'f5000000-0000-0000-0000-000000000008', 'received', 'in_warehouse',  'b0000000-0000-0000-0000-000000000005', 'Ubicado en almacen', '2026-02-14T09:00:00Z'),
  ('f6000000-0000-0000-0000-00000000000d', 'a0000000-0000-0000-0000-000000000001', 'f5000000-0000-0000-0000-000000000009', NULL,       'received',      'b0000000-0000-0000-0000-000000000005', 'Paquete recibido', '2026-02-12T11:00:00Z'),
  ('f6000000-0000-0000-0000-00000000000e', 'a0000000-0000-0000-0000-000000000001', 'f5000000-0000-0000-0000-000000000009', 'received', 'in_warehouse',  'b0000000-0000-0000-0000-000000000005', 'Ubicado en almacen', '2026-02-15T14:30:00Z'),
  ('f6000000-0000-0000-0000-00000000000f', 'a0000000-0000-0000-0000-000000000001', 'f5000000-0000-0000-0000-00000000000a', NULL,       'received',      'b0000000-0000-0000-0000-000000000005', 'Paquete recibido', '2026-02-13T09:30:00Z'),
  ('f6000000-0000-0000-0000-000000000010', 'a0000000-0000-0000-0000-000000000001', 'f5000000-0000-0000-0000-00000000000a', 'received', 'in_warehouse',  'b0000000-0000-0000-0000-000000000005', 'Ubicado en almacen', '2026-02-16T10:00:00Z'),
  -- in_work_order WRs (11-14): received -> in_warehouse -> in_work_order
  ('f6000000-0000-0000-0000-000000000011', 'a0000000-0000-0000-0000-000000000001', 'f5000000-0000-0000-0000-00000000000b', NULL,            'received',       'b0000000-0000-0000-0000-000000000005', 'Paquete recibido', '2026-01-25T09:00:00Z'),
  ('f6000000-0000-0000-0000-000000000012', 'a0000000-0000-0000-0000-000000000001', 'f5000000-0000-0000-0000-00000000000b', 'received',      'in_warehouse',   'b0000000-0000-0000-0000-000000000005', 'Ubicado en almacen', '2026-01-28T11:00:00Z'),
  ('f6000000-0000-0000-0000-000000000013', 'a0000000-0000-0000-0000-000000000001', 'f5000000-0000-0000-0000-00000000000b', 'in_warehouse',  'in_work_order',  'b0000000-0000-0000-0000-000000000005', 'Asignado a orden de trabajo', '2026-02-24T16:00:00Z'),
  ('f6000000-0000-0000-0000-000000000014', 'a0000000-0000-0000-0000-000000000001', 'f5000000-0000-0000-0000-00000000000c', NULL,            'received',       'b0000000-0000-0000-0000-000000000005', 'Paquete recibido', '2026-01-27T10:30:00Z'),
  ('f6000000-0000-0000-0000-000000000015', 'a0000000-0000-0000-0000-000000000001', 'f5000000-0000-0000-0000-00000000000c', 'received',      'in_warehouse',   'b0000000-0000-0000-0000-000000000005', 'Ubicado en almacen', '2026-01-30T14:00:00Z'),
  ('f6000000-0000-0000-0000-000000000016', 'a0000000-0000-0000-0000-000000000001', 'f5000000-0000-0000-0000-00000000000c', 'in_warehouse',  'in_work_order',  'b0000000-0000-0000-0000-000000000005', 'Asignado a orden de trabajo', '2026-02-25T11:00:00Z'),
  ('f6000000-0000-0000-0000-000000000017', 'a0000000-0000-0000-0000-000000000001', 'f5000000-0000-0000-0000-00000000000d', NULL,            'received',       'b0000000-0000-0000-0000-000000000005', 'Paquete recibido', '2026-01-28T14:00:00Z'),
  ('f6000000-0000-0000-0000-000000000018', 'a0000000-0000-0000-0000-000000000001', 'f5000000-0000-0000-0000-00000000000d', 'received',      'in_warehouse',   'b0000000-0000-0000-0000-000000000005', 'Ubicado en almacen', '2026-01-31T10:00:00Z'),
  ('f6000000-0000-0000-0000-000000000019', 'a0000000-0000-0000-0000-000000000001', 'f5000000-0000-0000-0000-00000000000d', 'in_warehouse',  'in_work_order',  'b0000000-0000-0000-0000-000000000005', 'Asignado a orden de trabajo', '2026-02-26T09:30:00Z'),
  ('f6000000-0000-0000-0000-00000000001a', 'a0000000-0000-0000-0000-000000000001', 'f5000000-0000-0000-0000-00000000000e', NULL,            'received',       'b0000000-0000-0000-0000-000000000005', 'Paquete recibido', '2026-01-29T11:00:00Z'),
  ('f6000000-0000-0000-0000-00000000001b', 'a0000000-0000-0000-0000-000000000001', 'f5000000-0000-0000-0000-00000000000e', 'received',      'in_warehouse',   'b0000000-0000-0000-0000-000000000005', 'Ubicado en almacen', '2026-02-01T09:00:00Z'),
  ('f6000000-0000-0000-0000-00000000001c', 'a0000000-0000-0000-0000-000000000001', 'f5000000-0000-0000-0000-00000000000e', 'in_warehouse',  'in_work_order',  'b0000000-0000-0000-0000-000000000005', 'Asignado a orden de trabajo', '2026-02-26T14:00:00Z'),
  -- in_dispatch WRs (15-18): full chain
  ('f6000000-0000-0000-0000-00000000001d', 'a0000000-0000-0000-0000-000000000001', 'f5000000-0000-0000-0000-00000000000f', NULL,             'received',       'b0000000-0000-0000-0000-000000000005', 'Paquete recibido', '2026-01-10T09:00:00Z'),
  ('f6000000-0000-0000-0000-00000000001e', 'a0000000-0000-0000-0000-000000000001', 'f5000000-0000-0000-0000-00000000000f', 'received',       'in_warehouse',   'b0000000-0000-0000-0000-000000000005', 'Ubicado', '2026-01-14T10:00:00Z'),
  ('f6000000-0000-0000-0000-00000000001f', 'a0000000-0000-0000-0000-000000000001', 'f5000000-0000-0000-0000-00000000000f', 'in_warehouse',   'in_dispatch',    'b0000000-0000-0000-0000-000000000007', 'En instruccion de envio', '2026-02-27T10:00:00Z'),
  ('f6000000-0000-0000-0000-000000000020', 'a0000000-0000-0000-0000-000000000001', 'f5000000-0000-0000-0000-000000000010', NULL,             'received',       'b0000000-0000-0000-0000-000000000005', 'Paquete recibido', '2026-01-11T10:30:00Z'),
  ('f6000000-0000-0000-0000-000000000021', 'a0000000-0000-0000-0000-000000000001', 'f5000000-0000-0000-0000-000000000010', 'received',       'in_warehouse',   'b0000000-0000-0000-0000-000000000005', 'Ubicado', '2026-01-15T11:00:00Z'),
  ('f6000000-0000-0000-0000-000000000022', 'a0000000-0000-0000-0000-000000000001', 'f5000000-0000-0000-0000-000000000010', 'in_warehouse',   'in_dispatch',    'b0000000-0000-0000-0000-000000000007', 'En instruccion de envio', '2026-02-27T14:30:00Z'),
  ('f6000000-0000-0000-0000-000000000023', 'a0000000-0000-0000-0000-000000000001', 'f5000000-0000-0000-0000-000000000011', NULL,             'received',       'b0000000-0000-0000-0000-000000000005', 'Paquete recibido', '2026-01-12T11:15:00Z'),
  ('f6000000-0000-0000-0000-000000000024', 'a0000000-0000-0000-0000-000000000001', 'f5000000-0000-0000-0000-000000000011', 'received',       'in_warehouse',   'b0000000-0000-0000-0000-000000000005', 'Ubicado', '2026-01-16T09:30:00Z'),
  ('f6000000-0000-0000-0000-000000000025', 'a0000000-0000-0000-0000-000000000001', 'f5000000-0000-0000-0000-000000000011', 'in_warehouse',   'in_dispatch',    'b0000000-0000-0000-0000-000000000007', 'En instruccion de envio', '2026-02-28T09:00:00Z'),
  ('f6000000-0000-0000-0000-000000000026', 'a0000000-0000-0000-0000-000000000001', 'f5000000-0000-0000-0000-000000000012', NULL,             'received',       'b0000000-0000-0000-0000-000000000005', 'Paquete recibido', '2026-01-13T13:45:00Z'),
  ('f6000000-0000-0000-0000-000000000027', 'a0000000-0000-0000-0000-000000000001', 'f5000000-0000-0000-0000-000000000012', 'received',       'in_warehouse',   'b0000000-0000-0000-0000-000000000005', 'Ubicado', '2026-01-17T10:00:00Z'),
  ('f6000000-0000-0000-0000-000000000028', 'a0000000-0000-0000-0000-000000000001', 'f5000000-0000-0000-0000-000000000012', 'in_warehouse',   'in_dispatch',    'b0000000-0000-0000-0000-000000000007', 'En instruccion de envio', '2026-02-28T15:00:00Z'),
  -- dispatched WRs (19-20): full chain
  ('f6000000-0000-0000-0000-000000000029', 'a0000000-0000-0000-0000-000000000001', 'f5000000-0000-0000-0000-000000000013', NULL,             'received',     'b0000000-0000-0000-0000-000000000005', 'Recibido', '2025-12-20T09:00:00Z'),
  ('f6000000-0000-0000-0000-00000000002a', 'a0000000-0000-0000-0000-000000000001', 'f5000000-0000-0000-0000-000000000013', 'received',       'in_warehouse', 'b0000000-0000-0000-0000-000000000005', 'Ubicado', '2025-12-24T11:00:00Z'),
  ('f6000000-0000-0000-0000-00000000002b', 'a0000000-0000-0000-0000-000000000001', 'f5000000-0000-0000-0000-000000000013', 'in_warehouse',   'in_dispatch',  'b0000000-0000-0000-0000-000000000007', 'En SI', '2026-02-10T14:00:00Z'),
  ('f6000000-0000-0000-0000-00000000002c', 'a0000000-0000-0000-0000-000000000001', 'f5000000-0000-0000-0000-000000000013', 'in_dispatch',    'dispatched',   'b0000000-0000-0000-0000-000000000007', 'Despachado', '2026-02-20T14:00:00Z'),
  ('f6000000-0000-0000-0000-00000000002d', 'a0000000-0000-0000-0000-000000000001', 'f5000000-0000-0000-0000-000000000014', NULL,             'received',     'b0000000-0000-0000-0000-000000000005', 'Recibido', '2025-12-22T10:30:00Z'),
  ('f6000000-0000-0000-0000-00000000002e', 'a0000000-0000-0000-0000-000000000001', 'f5000000-0000-0000-0000-000000000014', 'received',       'in_warehouse', 'b0000000-0000-0000-0000-000000000005', 'Ubicado', '2025-12-26T09:00:00Z'),
  ('f6000000-0000-0000-0000-00000000002f', 'a0000000-0000-0000-0000-000000000001', 'f5000000-0000-0000-0000-000000000014', 'in_warehouse',   'in_dispatch',  'b0000000-0000-0000-0000-000000000007', 'En SI', '2026-02-12T10:00:00Z'),
  ('f6000000-0000-0000-0000-000000000030', 'a0000000-0000-0000-0000-000000000001', 'f5000000-0000-0000-0000-000000000014', 'in_dispatch',    'dispatched',   'b0000000-0000-0000-0000-000000000007', 'Despachado', '2026-02-22T11:00:00Z'),
  -- GYE WRs (21-25)
  ('f6000000-0000-0000-0000-000000000031', 'a0000000-0000-0000-0000-000000000001', 'f5000000-0000-0000-0000-000000000015', NULL, 'received', 'b0000000-0000-0000-0000-000000000006', 'Recibido GYE', '2026-02-24T09:30:00Z'),
  ('f6000000-0000-0000-0000-000000000032', 'a0000000-0000-0000-0000-000000000001', 'f5000000-0000-0000-0000-000000000016', NULL, 'received', 'b0000000-0000-0000-0000-000000000006', 'Recibido GYE', '2026-02-25T11:00:00Z'),
  ('f6000000-0000-0000-0000-000000000033', 'a0000000-0000-0000-0000-000000000001', 'f5000000-0000-0000-0000-000000000017', NULL,       'received', 'b0000000-0000-0000-0000-000000000006', 'Recibido', '2026-02-15T08:30:00Z'),
  ('f6000000-0000-0000-0000-000000000034', 'a0000000-0000-0000-0000-000000000001', 'f5000000-0000-0000-0000-000000000017', 'received', 'damaged',  'b0000000-0000-0000-0000-000000000006', 'Dano detectado en inspeccion', '2026-02-22T10:00:00Z'),
  ('f6000000-0000-0000-0000-000000000035', 'a0000000-0000-0000-0000-000000000001', 'f5000000-0000-0000-0000-000000000018', NULL,       'received', 'b0000000-0000-0000-0000-000000000006', 'Recibido', '2026-02-14T14:00:00Z'),
  ('f6000000-0000-0000-0000-000000000036', 'a0000000-0000-0000-0000-000000000001', 'f5000000-0000-0000-0000-000000000018', 'received', 'damaged',  'b0000000-0000-0000-0000-000000000006', 'Vidrio roto', '2026-02-22T11:30:00Z'),
  ('f6000000-0000-0000-0000-000000000037', 'a0000000-0000-0000-0000-000000000001', 'f5000000-0000-0000-0000-000000000019', NULL,           'received',    'b0000000-0000-0000-0000-000000000006', 'Recibido', '2025-11-25T10:00:00Z'),
  ('f6000000-0000-0000-0000-000000000038', 'a0000000-0000-0000-0000-000000000001', 'f5000000-0000-0000-0000-000000000019', 'received',     'in_warehouse','b0000000-0000-0000-0000-000000000006', 'Ubicado', '2025-11-28T09:00:00Z'),
  ('f6000000-0000-0000-0000-000000000039', 'a0000000-0000-0000-0000-000000000001', 'f5000000-0000-0000-0000-000000000019', 'in_warehouse', 'abandoned',   'b0000000-0000-0000-0000-000000000004', 'Supero 90 dias sin reclamar', '2026-02-28T09:00:00Z'),
  -- LAX WRs
  ('f6000000-0000-0000-0000-00000000003a', 'a0000000-0000-0000-0000-000000000002', 'f5000000-0000-0000-0000-00000000001a', NULL, 'received', 'b0000000-0000-0000-0000-00000000000d', 'Recibido LAX', '2026-02-26T10:00:00Z'),
  ('f6000000-0000-0000-0000-00000000003b', 'a0000000-0000-0000-0000-000000000002', 'f5000000-0000-0000-0000-00000000001b', NULL,           'received',     'b0000000-0000-0000-0000-00000000000d', 'Recibido', '2026-01-15T09:30:00Z'),
  ('f6000000-0000-0000-0000-00000000003c', 'a0000000-0000-0000-0000-000000000002', 'f5000000-0000-0000-0000-00000000001b', 'received',     'in_warehouse', 'b0000000-0000-0000-0000-00000000000d', 'Ubicado', '2026-01-19T11:00:00Z'),
  ('f6000000-0000-0000-0000-00000000003d', 'a0000000-0000-0000-0000-000000000002', 'f5000000-0000-0000-0000-00000000001b', 'in_warehouse', 'in_dispatch',  'b0000000-0000-0000-0000-00000000000d', 'En SI', '2026-02-10T09:00:00Z'),
  ('f6000000-0000-0000-0000-00000000003e', 'a0000000-0000-0000-0000-000000000002', 'f5000000-0000-0000-0000-00000000001b', 'in_dispatch',  'dispatched',   'b0000000-0000-0000-0000-00000000000d', 'Despachado', '2026-02-25T16:00:00Z'),
  ('f6000000-0000-0000-0000-00000000003f', 'a0000000-0000-0000-0000-000000000002', 'f5000000-0000-0000-0000-00000000001c', NULL,           'received',     'b0000000-0000-0000-0000-00000000000d', 'Recibido', '2026-01-18T11:00:00Z'),
  ('f6000000-0000-0000-0000-000000000040', 'a0000000-0000-0000-0000-000000000002', 'f5000000-0000-0000-0000-00000000001c', 'received',     'in_warehouse', 'b0000000-0000-0000-0000-00000000000d', 'Ubicado', '2026-01-22T09:00:00Z'),
  ('f6000000-0000-0000-0000-000000000041', 'a0000000-0000-0000-0000-000000000002', 'f5000000-0000-0000-0000-00000000001c', 'in_warehouse', 'in_dispatch',  'b0000000-0000-0000-0000-00000000000d', 'En SI', '2026-02-12T14:00:00Z'),
  ('f6000000-0000-0000-0000-000000000042', 'a0000000-0000-0000-0000-000000000002', 'f5000000-0000-0000-0000-00000000001c', 'in_dispatch',  'dispatched',   'b0000000-0000-0000-0000-00000000000d', 'Despachado', '2026-02-27T14:00:00Z'),
  -- JFK WRs
  ('f6000000-0000-0000-0000-000000000043', 'a0000000-0000-0000-0000-000000000003', 'f5000000-0000-0000-0000-00000000001d', NULL, 'received', 'b0000000-0000-0000-0000-00000000000e', 'Paquete desconocido recibido', '2026-02-27T09:00:00Z'),
  ('f6000000-0000-0000-0000-000000000044', 'a0000000-0000-0000-0000-000000000003', 'f5000000-0000-0000-0000-00000000001e', NULL, 'received', 'b0000000-0000-0000-0000-00000000000e', 'Recibido JFK', '2026-02-28T10:30:00Z'),
  -- MIA unknown WRs (31-32)
  ('f6000000-0000-0000-0000-000000000045', 'a0000000-0000-0000-0000-000000000001', 'f5000000-0000-0000-0000-00000000001f', NULL, 'received', 'b0000000-0000-0000-0000-000000000005', 'Paquete sin agencia identificada', '2026-02-26T15:30:00Z'),
  ('f6000000-0000-0000-0000-000000000046', 'a0000000-0000-0000-0000-000000000001', 'f5000000-0000-0000-0000-000000000020', NULL, 'received', 'b0000000-0000-0000-0000-000000000005', 'Paquete desconocido recibido MIA', '2026-02-27T11:00:00Z')
ON CONFLICT (id) DO NOTHING;

-- ============================================================================
-- 16. UNKNOWN WRS
-- ============================================================================

INSERT INTO unknown_wrs (id, organization_id, warehouse_receipt_id, sender_name, package_type, carrier, status, created_at, updated_at)
VALUES
  ('fe000000-0000-0000-0000-000000000001', 'a0000000-0000-0000-0000-000000000003', 'f5000000-0000-0000-0000-00000000001d',
   'Unknown', 'box', 'UPS', 'unclaimed', '2026-02-27T09:00:00Z', '2026-02-27T09:00:00Z'),
  ('fe000000-0000-0000-0000-000000000002', 'a0000000-0000-0000-0000-000000000001', 'f5000000-0000-0000-0000-00000000001f',
   'Unknown Sender', 'box', 'UPS', 'unclaimed', '2026-02-26T15:30:00Z', '2026-02-26T15:30:00Z'),
  ('fe000000-0000-0000-0000-000000000003', 'a0000000-0000-0000-0000-000000000001', 'f5000000-0000-0000-0000-000000000020',
   'Remitente Desconocido', 'package', 'USPS', 'unclaimed', '2026-02-27T11:00:00Z', '2026-02-27T11:00:00Z')
ON CONFLICT (id) DO NOTHING;

-- ============================================================================
-- 17. WORK ORDERS (8)
-- ============================================================================

INSERT INTO work_orders (
  id, organization_id, warehouse_id, wo_number, type, status, priority,
  requested_by, assigned_to, agency_id, instructions, result_notes,
  cancellation_reason, pickup_date, pickup_time, pickup_location,
  pickup_authorized_person, pickup_contact_info, completed_at, created_at, updated_at
) VALUES
  ('f7000000-0000-0000-0000-000000000001', 'a0000000-0000-0000-0000-000000000001', 'c0000000-0000-0000-0000-000000000001',
   'WO00001', 'photos', 'completed', 'normal',
   'b0000000-0000-0000-0000-00000000000a', 'b0000000-0000-0000-0000-000000000005',
   'f2000000-0000-0000-0000-000000000001', 'Tomar fotos del contenido del paquete', 'Fotos tomadas: 4 imagenes subidas',
   NULL, NULL, NULL, NULL, NULL, NULL,
   '2026-02-17T15:00:00Z', '2026-02-14T09:00:00Z', '2026-02-17T15:00:00Z'),

  ('f7000000-0000-0000-0000-000000000002', 'a0000000-0000-0000-0000-000000000001', 'c0000000-0000-0000-0000-000000000001',
   'WO00002', 'group', 'in_progress', 'high',
   'b0000000-0000-0000-0000-00000000000a', 'b0000000-0000-0000-0000-000000000005',
   'f2000000-0000-0000-0000-000000000001', 'Agrupar paquetes del mismo consignatario', NULL,
   NULL, NULL, NULL, NULL, NULL, NULL,
   NULL, '2026-02-20T10:00:00Z', '2026-02-22T14:00:00Z'),

  ('f7000000-0000-0000-0000-000000000003', 'a0000000-0000-0000-0000-000000000001', 'c0000000-0000-0000-0000-000000000001',
   'WO00003', 'inspection', 'requested', 'normal',
   'b0000000-0000-0000-0000-000000000003', NULL,
   'f2000000-0000-0000-0000-000000000003', 'Inspeccionar contenido de paquete sospechoso', NULL,
   NULL, NULL, NULL, NULL, NULL, NULL,
   NULL, '2026-02-26T11:00:00Z', '2026-02-26T11:00:00Z'),

  ('f7000000-0000-0000-0000-000000000004', 'a0000000-0000-0000-0000-000000000001', 'c0000000-0000-0000-0000-000000000001',
   'WO00004', 'authorize_pickup', 'approved', 'normal',
   'b0000000-0000-0000-0000-00000000000a', 'b0000000-0000-0000-0000-000000000005',
   'f2000000-0000-0000-0000-000000000001', 'Autorizar retiro de paquetes', NULL,
   NULL, (now() + interval '3 days')::date, '14:00'::time, 'Oficina MIA - Puerta 3',
   'Carlos Mendoza', '+593991234567',
   NULL, '2026-02-22T09:00:00Z', '2026-02-25T14:00:00Z'),

  ('f7000000-0000-0000-0000-000000000005', 'a0000000-0000-0000-0000-000000000001', 'c0000000-0000-0000-0000-000000000001',
   'WO00005', 'repack', 'completed', 'normal',
   'b0000000-0000-0000-0000-00000000000b', 'b0000000-0000-0000-0000-000000000005',
   'f2000000-0000-0000-0000-000000000002', 'Reempacar paquete danado', 'Reempacado con material de proteccion adicional',
   NULL, NULL, NULL, NULL, NULL, NULL,
   '2026-02-19T16:00:00Z', '2026-02-16T09:00:00Z', '2026-02-19T16:00:00Z'),

  ('f7000000-0000-0000-0000-000000000006', 'a0000000-0000-0000-0000-000000000001', 'c0000000-0000-0000-0000-000000000001',
   'WO00006', 'ship', 'in_progress', 'high',
   'b0000000-0000-0000-0000-000000000007', 'b0000000-0000-0000-0000-000000000005',
   'f2000000-0000-0000-0000-000000000001', 'Preparar envio consolidado a Ecuador', NULL,
   NULL, NULL, NULL, NULL, NULL, NULL,
   NULL, '2026-02-27T09:00:00Z', '2026-02-28T10:00:00Z'),

  ('f7000000-0000-0000-0000-000000000007', 'a0000000-0000-0000-0000-000000000001', 'c0000000-0000-0000-0000-000000000001',
   'WO00007', 'abandon', 'cancelled', 'low',
   'b0000000-0000-0000-0000-000000000003', NULL,
   'f2000000-0000-0000-0000-000000000001', 'Procesar abandono de paquete', NULL,
   'Cliente reclamo el paquete antes del vencimiento', NULL, NULL, NULL, NULL, NULL,
   NULL, '2026-02-10T09:00:00Z', '2026-02-12T14:00:00Z'),

  ('f7000000-0000-0000-0000-000000000008', 'a0000000-0000-0000-0000-000000000001', 'c0000000-0000-0000-0000-000000000002',
   'WO00008', 'special_request', 'requested', 'normal',
   'b0000000-0000-0000-0000-00000000000a', NULL,
   'f2000000-0000-0000-0000-000000000001', 'Verificar peso y dimensiones del paquete', NULL,
   NULL, NULL, NULL, NULL, NULL, NULL,
   NULL, '2026-02-28T10:00:00Z', '2026-02-28T10:00:00Z')
ON CONFLICT (id) DO NOTHING;

-- ============================================================================
-- 18. WORK ORDER ITEMS
-- ============================================================================

INSERT INTO work_order_items (id, work_order_id, warehouse_receipt_id, created_at)
VALUES
  -- WO00001 (photos, completed) - WR11
  ('f7100000-0000-0000-0000-000000000001', 'f7000000-0000-0000-0000-000000000001', 'f5000000-0000-0000-0000-00000000000b', '2026-02-14T09:00:00Z'),
  -- WO00002 (group, in_progress) - WR11, WR13
  ('f7100000-0000-0000-0000-000000000002', 'f7000000-0000-0000-0000-000000000002', 'f5000000-0000-0000-0000-00000000000b', '2026-02-20T10:00:00Z'),
  ('f7100000-0000-0000-0000-000000000003', 'f7000000-0000-0000-0000-000000000002', 'f5000000-0000-0000-0000-00000000000d', '2026-02-20T10:05:00Z'),
  -- WO00003 (inspection, requested) - WR14
  ('f7100000-0000-0000-0000-000000000004', 'f7000000-0000-0000-0000-000000000003', 'f5000000-0000-0000-0000-00000000000e', '2026-02-26T11:00:00Z'),
  -- WO00004 (authorize_pickup, approved) - WR12
  ('f7100000-0000-0000-0000-000000000005', 'f7000000-0000-0000-0000-000000000004', 'f5000000-0000-0000-0000-00000000000c', '2026-02-22T09:00:00Z'),
  -- WO00005 (repack, completed) - WR12
  ('f7100000-0000-0000-0000-000000000006', 'f7000000-0000-0000-0000-000000000005', 'f5000000-0000-0000-0000-00000000000c', '2026-02-16T09:00:00Z'),
  -- WO00006 (ship, in_progress) - WR15, WR16
  ('f7100000-0000-0000-0000-000000000007', 'f7000000-0000-0000-0000-000000000006', 'f5000000-0000-0000-0000-00000000000f', '2026-02-27T09:00:00Z'),
  ('f7100000-0000-0000-0000-000000000008', 'f7000000-0000-0000-0000-000000000006', 'f5000000-0000-0000-0000-000000000010', '2026-02-27T09:05:00Z')
ON CONFLICT (id) DO NOTHING;

-- ============================================================================
-- 19. WORK ORDER STATUS HISTORY
-- ============================================================================

INSERT INTO work_order_status_history (id, organization_id, work_order_id, old_status, new_status, changed_by, reason, created_at)
VALUES
  -- WO00001: requested -> in_progress -> completed
  ('f7200000-0000-0000-0000-000000000001', 'a0000000-0000-0000-0000-000000000001', 'f7000000-0000-0000-0000-000000000001', NULL,          'requested',   'b0000000-0000-0000-0000-00000000000a', 'Solicitud creada', '2026-02-14T09:00:00Z'),
  ('f7200000-0000-0000-0000-000000000002', 'a0000000-0000-0000-0000-000000000001', 'f7000000-0000-0000-0000-000000000001', 'requested',   'in_progress', 'b0000000-0000-0000-0000-000000000005', 'Asignada', '2026-02-15T10:00:00Z'),
  ('f7200000-0000-0000-0000-000000000003', 'a0000000-0000-0000-0000-000000000001', 'f7000000-0000-0000-0000-000000000001', 'in_progress', 'completed',   'b0000000-0000-0000-0000-000000000005', 'Fotos subidas', '2026-02-17T15:00:00Z'),
  -- WO00002: requested -> in_progress
  ('f7200000-0000-0000-0000-000000000004', 'a0000000-0000-0000-0000-000000000001', 'f7000000-0000-0000-0000-000000000002', NULL,        'requested',   'b0000000-0000-0000-0000-00000000000a', 'Solicitud creada', '2026-02-20T10:00:00Z'),
  ('f7200000-0000-0000-0000-000000000005', 'a0000000-0000-0000-0000-000000000001', 'f7000000-0000-0000-0000-000000000002', 'requested', 'in_progress', 'b0000000-0000-0000-0000-000000000005', 'En proceso', '2026-02-22T14:00:00Z'),
  -- WO00003: requested
  ('f7200000-0000-0000-0000-000000000006', 'a0000000-0000-0000-0000-000000000001', 'f7000000-0000-0000-0000-000000000003', NULL, 'requested', 'b0000000-0000-0000-0000-000000000003', 'Solicitud creada', '2026-02-26T11:00:00Z'),
  -- WO00004: requested -> approved
  ('f7200000-0000-0000-0000-000000000007', 'a0000000-0000-0000-0000-000000000001', 'f7000000-0000-0000-0000-000000000004', NULL,        'requested', 'b0000000-0000-0000-0000-00000000000a', 'Solicitud creada', '2026-02-22T09:00:00Z'),
  ('f7200000-0000-0000-0000-000000000008', 'a0000000-0000-0000-0000-000000000001', 'f7000000-0000-0000-0000-000000000004', 'requested', 'approved',  'b0000000-0000-0000-0000-000000000003', 'Retiro autorizado', '2026-02-25T14:00:00Z'),
  -- WO00005: requested -> in_progress -> completed
  ('f7200000-0000-0000-0000-000000000009', 'a0000000-0000-0000-0000-000000000001', 'f7000000-0000-0000-0000-000000000005', NULL,          'requested',   'b0000000-0000-0000-0000-00000000000b', 'Solicitud creada', '2026-02-16T09:00:00Z'),
  ('f7200000-0000-0000-0000-00000000000a', 'a0000000-0000-0000-0000-000000000001', 'f7000000-0000-0000-0000-000000000005', 'requested',   'in_progress', 'b0000000-0000-0000-0000-000000000005', 'Asignada', '2026-02-17T10:00:00Z'),
  ('f7200000-0000-0000-0000-00000000000b', 'a0000000-0000-0000-0000-000000000001', 'f7000000-0000-0000-0000-000000000005', 'in_progress', 'completed',   'b0000000-0000-0000-0000-000000000005', 'Reempacado', '2026-02-19T16:00:00Z'),
  -- WO00006: requested -> in_progress
  ('f7200000-0000-0000-0000-00000000000c', 'a0000000-0000-0000-0000-000000000001', 'f7000000-0000-0000-0000-000000000006', NULL,        'requested',   'b0000000-0000-0000-0000-000000000007', 'Solicitud creada', '2026-02-27T09:00:00Z'),
  ('f7200000-0000-0000-0000-00000000000d', 'a0000000-0000-0000-0000-000000000001', 'f7000000-0000-0000-0000-000000000006', 'requested', 'in_progress', 'b0000000-0000-0000-0000-000000000005', 'En proceso', '2026-02-28T10:00:00Z'),
  -- WO00007: requested -> cancelled
  ('f7200000-0000-0000-0000-00000000000e', 'a0000000-0000-0000-0000-000000000001', 'f7000000-0000-0000-0000-000000000007', NULL,        'requested',  'b0000000-0000-0000-0000-000000000003', 'Solicitud creada', '2026-02-10T09:00:00Z'),
  ('f7200000-0000-0000-0000-00000000000f', 'a0000000-0000-0000-0000-000000000001', 'f7000000-0000-0000-0000-000000000007', 'requested', 'cancelled',  'b0000000-0000-0000-0000-000000000003', 'Cliente reclamo paquete', '2026-02-12T14:00:00Z'),
  -- WO00008: requested
  ('f7200000-0000-0000-0000-000000000010', 'a0000000-0000-0000-0000-000000000001', 'f7000000-0000-0000-0000-000000000008', NULL, 'requested', 'b0000000-0000-0000-0000-00000000000a', 'Solicitud creada', '2026-02-28T10:00:00Z')
ON CONFLICT (id) DO NOTHING;

-- ============================================================================
-- 20. SHIPPING INSTRUCTIONS (6)
-- ============================================================================

INSERT INTO shipping_instructions (
  id, organization_id, warehouse_id, si_number, agency_id, destination_country_id,
  modality, courier_category, status, consignee_id, cedula_ruc,
  total_pieces, total_actual_weight_lb, total_volumetric_weight_lb,
  total_billable_weight_lb, total_declared_value_usd,
  approved_by, approved_at, rejection_reason, special_instructions,
  created_at, updated_at
) VALUES
  -- SI00001: requested
  ('f8000000-0000-0000-0000-000000000001', 'a0000000-0000-0000-0000-000000000001', 'c0000000-0000-0000-0000-000000000001',
   'SI00001', 'f2000000-0000-0000-0000-000000000001', 'f0000000-0000-0000-0000-000000000001',
   'courier_a', 'A', 'requested', 'f4000000-0000-0000-0000-000000000001', '0901234567',
   2, 18.00, 26.12, 26.12, 380.00,
   NULL, NULL, NULL, 'Enviar a direccion principal del consignatario',
   '2026-02-27T09:00:00Z', '2026-02-27T09:00:00Z'),

  -- SI00002: requested
  ('f8000000-0000-0000-0000-000000000002', 'a0000000-0000-0000-0000-000000000001', 'c0000000-0000-0000-0000-000000000001',
   'SI00002', 'f2000000-0000-0000-0000-000000000002', 'f0000000-0000-0000-0000-000000000001',
   'courier_b', 'B', 'requested', 'f4000000-0000-0000-0000-000000000005', '0945678901',
   1, 2.80, 1.59, 2.80, 95.00,
   NULL, NULL, NULL, NULL,
   '2026-02-28T10:00:00Z', '2026-02-28T10:00:00Z'),

  -- SI00003: approved
  ('f8000000-0000-0000-0000-000000000003', 'a0000000-0000-0000-0000-000000000001', 'c0000000-0000-0000-0000-000000000001',
   'SI00003', 'f2000000-0000-0000-0000-000000000001', 'f0000000-0000-0000-0000-000000000001',
   'courier_a', 'C', 'approved', 'f4000000-0000-0000-0000-000000000002', '0912345678',
   2, 12.30, 14.31, 14.31, 295.00,
   'b0000000-0000-0000-0000-000000000008', '2026-02-28T14:00:00Z', NULL, 'Consolidar antes de enviar',
   '2026-02-27T10:00:00Z', '2026-02-28T14:00:00Z'),

  -- SI00004: finalized
  ('f8000000-0000-0000-0000-000000000004', 'a0000000-0000-0000-0000-000000000001', 'c0000000-0000-0000-0000-000000000001',
   'SI00004', 'f2000000-0000-0000-0000-000000000001', 'f0000000-0000-0000-0000-000000000001',
   'courier_a', 'B', 'finalized', 'f4000000-0000-0000-0000-000000000001', '0901234567',
   1, 5.40, 5.90, 5.90, 110.00,
   'b0000000-0000-0000-0000-000000000008', '2026-02-12T10:00:00Z', NULL, NULL,
   '2026-02-10T09:00:00Z', '2026-02-15T14:00:00Z'),

  -- SI00005: finalized
  ('f8000000-0000-0000-0000-000000000005', 'a0000000-0000-0000-0000-000000000001', 'c0000000-0000-0000-0000-000000000001',
   'SI00005', 'f2000000-0000-0000-0000-000000000003', 'f0000000-0000-0000-0000-000000000002',
   'courier_a', 'D', 'finalized', 'f4000000-0000-0000-0000-000000000006', '1098765432',
   2, 11.30, 20.24, 20.24, 175.00,
   'b0000000-0000-0000-0000-000000000009', '2026-02-14T11:00:00Z', NULL, NULL,
   '2026-02-12T09:00:00Z', '2026-02-18T15:00:00Z'),

  -- SI00006: rejected
  ('f8000000-0000-0000-0000-000000000006', 'a0000000-0000-0000-0000-000000000001', 'c0000000-0000-0000-0000-000000000001',
   'SI00006', 'f2000000-0000-0000-0000-000000000001', 'f0000000-0000-0000-0000-000000000001',
   'courier_a', 'E', 'rejected', 'f4000000-0000-0000-0000-000000000003', '0923456789',
   1, 15.30, 36.43, 36.43, 380.00,
   NULL, NULL, 'Valor declarado excede limite para categoria E. Requiere categoria F o superior.', NULL,
   '2026-02-25T09:00:00Z', '2026-02-26T11:00:00Z')
ON CONFLICT (id) DO NOTHING;

-- ============================================================================
-- 21. SHIPPING INSTRUCTION ITEMS
-- ============================================================================

INSERT INTO shipping_instruction_items (id, shipping_instruction_id, warehouse_receipt_id, created_at)
VALUES
  -- SI00001: WR15, WR16 (in_dispatch)
  ('f8100000-0000-0000-0000-000000000001', 'f8000000-0000-0000-0000-000000000001', 'f5000000-0000-0000-0000-00000000000f', '2026-02-27T09:00:00Z'),
  ('f8100000-0000-0000-0000-000000000002', 'f8000000-0000-0000-0000-000000000001', 'f5000000-0000-0000-0000-000000000010', '2026-02-27T09:05:00Z'),
  -- SI00002: WR18 (in_dispatch)
  ('f8100000-0000-0000-0000-000000000003', 'f8000000-0000-0000-0000-000000000002', 'f5000000-0000-0000-0000-000000000012', '2026-02-28T10:00:00Z'),
  -- SI00003: WR17 (in_dispatch)
  ('f8100000-0000-0000-0000-000000000004', 'f8000000-0000-0000-0000-000000000003', 'f5000000-0000-0000-0000-000000000011', '2026-02-27T10:00:00Z'),
  -- SI00004: WR19 (dispatched)
  ('f8100000-0000-0000-0000-000000000005', 'f8000000-0000-0000-0000-000000000004', 'f5000000-0000-0000-0000-000000000013', '2026-02-10T09:00:00Z'),
  -- SI00005: WR20 (dispatched)
  ('f8100000-0000-0000-0000-000000000006', 'f8000000-0000-0000-0000-000000000005', 'f5000000-0000-0000-0000-000000000014', '2026-02-12T09:00:00Z')
ON CONFLICT (id) DO NOTHING;

-- ============================================================================
-- 22. SHIPPING INSTRUCTION STATUS HISTORY
-- ============================================================================

INSERT INTO shipping_instruction_status_history (id, organization_id, shipping_instruction_id, old_status, new_status, changed_by, reason, created_at)
VALUES
  -- SI00001: requested
  ('f8200000-0000-0000-0000-000000000001', 'a0000000-0000-0000-0000-000000000001', 'f8000000-0000-0000-0000-000000000001', NULL, 'requested', 'b0000000-0000-0000-0000-000000000007', 'SI creada', '2026-02-27T09:00:00Z'),
  -- SI00002: requested
  ('f8200000-0000-0000-0000-000000000002', 'a0000000-0000-0000-0000-000000000001', 'f8000000-0000-0000-0000-000000000002', NULL, 'requested', 'b0000000-0000-0000-0000-000000000007', 'SI creada', '2026-02-28T10:00:00Z'),
  -- SI00003: requested -> approved
  ('f8200000-0000-0000-0000-000000000003', 'a0000000-0000-0000-0000-000000000001', 'f8000000-0000-0000-0000-000000000003', NULL,        'requested', 'b0000000-0000-0000-0000-000000000007', 'SI creada', '2026-02-27T10:00:00Z'),
  ('f8200000-0000-0000-0000-000000000004', 'a0000000-0000-0000-0000-000000000001', 'f8000000-0000-0000-0000-000000000003', 'requested', 'approved',  'b0000000-0000-0000-0000-000000000008', 'Aprobada por dest admin', '2026-02-28T14:00:00Z'),
  -- SI00004: requested -> approved -> finalized
  ('f8200000-0000-0000-0000-000000000005', 'a0000000-0000-0000-0000-000000000001', 'f8000000-0000-0000-0000-000000000004', NULL,        'requested',  'b0000000-0000-0000-0000-000000000007', 'SI creada', '2026-02-10T09:00:00Z'),
  ('f8200000-0000-0000-0000-000000000006', 'a0000000-0000-0000-0000-000000000001', 'f8000000-0000-0000-0000-000000000004', 'requested', 'approved',   'b0000000-0000-0000-0000-000000000008', 'Aprobada', '2026-02-12T10:00:00Z'),
  ('f8200000-0000-0000-0000-000000000007', 'a0000000-0000-0000-0000-000000000001', 'f8000000-0000-0000-0000-000000000004', 'approved',  'finalized',  'b0000000-0000-0000-0000-000000000007', 'Finalizada', '2026-02-15T14:00:00Z'),
  -- SI00005: requested -> approved -> finalized
  ('f8200000-0000-0000-0000-000000000008', 'a0000000-0000-0000-0000-000000000001', 'f8000000-0000-0000-0000-000000000005', NULL,        'requested',  'b0000000-0000-0000-0000-000000000007', 'SI creada', '2026-02-12T09:00:00Z'),
  ('f8200000-0000-0000-0000-000000000009', 'a0000000-0000-0000-0000-000000000001', 'f8000000-0000-0000-0000-000000000005', 'requested', 'approved',   'b0000000-0000-0000-0000-000000000009', 'Aprobada', '2026-02-14T11:00:00Z'),
  ('f8200000-0000-0000-0000-00000000000a', 'a0000000-0000-0000-0000-000000000001', 'f8000000-0000-0000-0000-000000000005', 'approved',  'finalized',  'b0000000-0000-0000-0000-000000000007', 'Finalizada', '2026-02-18T15:00:00Z'),
  -- SI00006: requested -> rejected
  ('f8200000-0000-0000-0000-00000000000b', 'a0000000-0000-0000-0000-000000000001', 'f8000000-0000-0000-0000-000000000006', NULL,        'requested', 'b0000000-0000-0000-0000-000000000007', 'SI creada', '2026-02-25T09:00:00Z'),
  ('f8200000-0000-0000-0000-00000000000c', 'a0000000-0000-0000-0000-000000000001', 'f8000000-0000-0000-0000-000000000006', 'requested', 'rejected',  'b0000000-0000-0000-0000-000000000008', 'Valor excede limite de categoria', '2026-02-26T11:00:00Z')
ON CONFLICT (id) DO NOTHING;

-- ============================================================================
-- 23. MAWBS (3)
-- ============================================================================

INSERT INTO mawbs (
  id, organization_id, warehouse_id, mawb_number, airline, flight_number, flight_date,
  destination_country_id, status, total_pieces, total_weight_lb, total_hawbs,
  created_at, updated_at
) VALUES
  ('f9000000-0000-0000-0000-000000000001', 'a0000000-0000-0000-0000-000000000001', 'c0000000-0000-0000-0000-000000000001',
   '123-45678901', 'LATAM', 'LA602', '2026-03-03',
   'f0000000-0000-0000-0000-000000000001', 'created', 3, 28.02, 2,
   '2026-02-28T09:00:00Z', '2026-02-28T09:00:00Z'),

  ('f9000000-0000-0000-0000-000000000002', 'a0000000-0000-0000-0000-000000000001', 'c0000000-0000-0000-0000-000000000001',
   '123-45678902', 'Avianca', 'AV234', '2026-02-25',
   'f0000000-0000-0000-0000-000000000001', 'in_transit', 1, 5.90, 1,
   '2026-02-15T10:00:00Z', '2026-02-25T14:00:00Z'),

  ('f9000000-0000-0000-0000-000000000003', 'a0000000-0000-0000-0000-000000000001', 'c0000000-0000-0000-0000-000000000001',
   '123-45678903', 'Copa', 'CM456', '2026-02-18',
   'f0000000-0000-0000-0000-000000000002', 'arrived', 2, 20.24, 1,
   '2026-02-12T09:00:00Z', '2026-02-22T11:00:00Z')
ON CONFLICT (id) DO NOTHING;

-- ============================================================================
-- 24. HAWBS (4)
-- ============================================================================

INSERT INTO hawbs (id, organization_id, mawb_id, shipping_instruction_id, hawb_number, pieces, weight_lb, created_at)
VALUES
  -- MAWB 1 (created): linked to SI04 and SI03
  ('f9100000-0000-0000-0000-000000000001', 'a0000000-0000-0000-0000-000000000001', 'f9000000-0000-0000-0000-000000000001', 'f8000000-0000-0000-0000-000000000004', 'GLP00001', 1, 5.90, '2026-02-28T09:30:00Z'),
  ('f9100000-0000-0000-0000-000000000002', 'a0000000-0000-0000-0000-000000000001', 'f9000000-0000-0000-0000-000000000001', 'f8000000-0000-0000-0000-000000000003', 'GLP00002', 2, 14.31, '2026-02-28T14:00:00Z'),
  -- MAWB 2 (in_transit): linked to SI04
  ('f9100000-0000-0000-0000-000000000003', 'a0000000-0000-0000-0000-000000000001', 'f9000000-0000-0000-0000-000000000002', 'f8000000-0000-0000-0000-000000000004', 'GLP00003', 1, 5.90, '2026-02-15T10:30:00Z'),
  -- MAWB 3 (arrived): linked to SI05
  ('f9100000-0000-0000-0000-000000000004', 'a0000000-0000-0000-0000-000000000001', 'f9000000-0000-0000-0000-000000000003', 'f8000000-0000-0000-0000-000000000005', 'GLP00004', 2, 20.24, '2026-02-12T09:30:00Z')
ON CONFLICT (id) DO NOTHING;

-- ============================================================================
-- 25. MAWB STATUS HISTORY
-- ============================================================================

INSERT INTO mawb_status_history (id, organization_id, mawb_id, old_status, new_status, changed_by, reason, created_at)
VALUES
  -- MAWB 1: created
  ('f9200000-0000-0000-0000-000000000001', 'a0000000-0000-0000-0000-000000000001', 'f9000000-0000-0000-0000-000000000001', NULL, 'created', 'b0000000-0000-0000-0000-000000000007', 'MAWB creada', '2026-02-28T09:00:00Z'),
  -- MAWB 2: created -> in_transit
  ('f9200000-0000-0000-0000-000000000002', 'a0000000-0000-0000-0000-000000000001', 'f9000000-0000-0000-0000-000000000002', NULL,      'created',    'b0000000-0000-0000-0000-000000000007', 'MAWB creada', '2026-02-15T10:00:00Z'),
  ('f9200000-0000-0000-0000-000000000003', 'a0000000-0000-0000-0000-000000000001', 'f9000000-0000-0000-0000-000000000002', 'created', 'in_transit', 'b0000000-0000-0000-0000-000000000007', 'Vuelo despegado', '2026-02-25T14:00:00Z'),
  -- MAWB 3: created -> in_transit -> arrived
  ('f9200000-0000-0000-0000-000000000004', 'a0000000-0000-0000-0000-000000000001', 'f9000000-0000-0000-0000-000000000003', NULL,         'created',    'b0000000-0000-0000-0000-000000000007', 'MAWB creada', '2026-02-12T09:00:00Z'),
  ('f9200000-0000-0000-0000-000000000005', 'a0000000-0000-0000-0000-000000000001', 'f9000000-0000-0000-0000-000000000003', 'created',    'in_transit', 'b0000000-0000-0000-0000-000000000007', 'Vuelo despegado', '2026-02-18T10:00:00Z'),
  ('f9200000-0000-0000-0000-000000000006', 'a0000000-0000-0000-0000-000000000001', 'f9000000-0000-0000-0000-000000000003', 'in_transit', 'arrived',    'b0000000-0000-0000-0000-000000000008', 'Carga recibida en destino', '2026-02-22T11:00:00Z')
ON CONFLICT (id) DO NOTHING;

-- ============================================================================
-- 26. SACAS (3)
-- ============================================================================

INSERT INTO sacas (id, organization_id, warehouse_id, saca_number, mawb_id, status, created_at, updated_at)
VALUES
  ('fa000000-0000-0000-0000-000000000001', 'a0000000-0000-0000-0000-000000000001', 'c0000000-0000-0000-0000-000000000001',
   'SC00001', 'f9000000-0000-0000-0000-000000000001', 'open', '2026-02-28T09:00:00Z', '2026-02-28T09:00:00Z'),
  ('fa000000-0000-0000-0000-000000000002', 'a0000000-0000-0000-0000-000000000001', 'c0000000-0000-0000-0000-000000000001',
   'SC00002', 'f9000000-0000-0000-0000-000000000002', 'closed', '2026-02-15T10:00:00Z', '2026-02-25T14:00:00Z'),
  ('fa000000-0000-0000-0000-000000000003', 'a0000000-0000-0000-0000-000000000001', 'c0000000-0000-0000-0000-000000000001',
   'SC00003', 'f9000000-0000-0000-0000-000000000003', 'dispatched', '2026-02-12T09:00:00Z', '2026-02-22T11:00:00Z')
ON CONFLICT (id) DO NOTHING;

-- ============================================================================
-- 27. SACA ITEMS
-- ============================================================================

INSERT INTO saca_items (id, saca_id, warehouse_receipt_id, created_at)
VALUES
  -- SC00001 (open): WR15, WR16
  ('fa100000-0000-0000-0000-000000000001', 'fa000000-0000-0000-0000-000000000001', 'f5000000-0000-0000-0000-00000000000f', '2026-02-28T09:00:00Z'),
  ('fa100000-0000-0000-0000-000000000002', 'fa000000-0000-0000-0000-000000000001', 'f5000000-0000-0000-0000-000000000010', '2026-02-28T09:05:00Z'),
  -- SC00002 (closed): WR19
  ('fa100000-0000-0000-0000-000000000003', 'fa000000-0000-0000-0000-000000000002', 'f5000000-0000-0000-0000-000000000013', '2026-02-15T10:00:00Z'),
  -- SC00003 (dispatched): WR20
  ('fa100000-0000-0000-0000-000000000004', 'fa000000-0000-0000-0000-000000000003', 'f5000000-0000-0000-0000-000000000014', '2026-02-12T09:00:00Z')
ON CONFLICT (id) DO NOTHING;

-- ============================================================================
-- 28. TICKETS (2)
-- ============================================================================

INSERT INTO tickets (
  id, organization_id, ticket_number, agency_id, category, subject, description,
  status, priority, created_by, assigned_to, resolved_at, closed_at,
  created_at, updated_at
) VALUES
  ('fb000000-0000-0000-0000-000000000001', 'a0000000-0000-0000-0000-000000000001',
   'TK00001', 'f2000000-0000-0000-0000-000000000001', 'Paquete danado',
   'Paquete GLP0023 recibido con dano',
   'El paquete GLP0023 con vajilla de ceramica llego con la caja aplastada y 2 platos rotos. Solicito investigacion y compensacion.',
   'open', 'high', 'b0000000-0000-0000-0000-00000000000a', 'b0000000-0000-0000-0000-000000000003',
   NULL, NULL,
   '2026-02-22T09:00:00Z', '2026-02-24T14:00:00Z'),

  ('fb000000-0000-0000-0000-000000000002', 'a0000000-0000-0000-0000-000000000001',
   'TK00002', 'f2000000-0000-0000-0000-000000000001', 'Consulta general',
   'Consulta sobre tiempo de almacenamiento gratuito',
   'Quisiera saber cuantos dias de almacenamiento gratuito tenemos disponibles para nuestros paquetes y si es posible solicitar una extension.',
   'resolved', 'normal', 'b0000000-0000-0000-0000-00000000000a', 'b0000000-0000-0000-0000-000000000002',
   '2026-02-25T15:00:00Z', NULL,
   '2026-02-10T09:00:00Z', '2026-02-25T15:00:00Z')
ON CONFLICT (id) DO NOTHING;

-- ============================================================================
-- 29. TICKET MESSAGES
-- ============================================================================

INSERT INTO ticket_messages (id, organization_id, ticket_id, content, created_by, created_at)
VALUES
  -- TK00001 messages
  ('fb100000-0000-0000-0000-000000000001', 'a0000000-0000-0000-0000-000000000001', 'fb000000-0000-0000-0000-000000000001',
   'Hemos recibido su reporte. Estamos investigando el incidente con el transportista. Le mantendremos informado.',
   'b0000000-0000-0000-0000-000000000003', '2026-02-23T10:00:00Z'),
  ('fb100000-0000-0000-0000-000000000002', 'a0000000-0000-0000-0000-000000000001', 'fb000000-0000-0000-0000-000000000001',
   'Gracias por la pronta respuesta. Adjunto fotos del dano para su referencia.',
   'b0000000-0000-0000-0000-00000000000a', '2026-02-24T09:00:00Z'),
  -- TK00002 messages
  ('fb100000-0000-0000-0000-000000000003', 'a0000000-0000-0000-0000-000000000001', 'fb000000-0000-0000-0000-000000000002',
   'Buenas tardes. Su plan actual incluye 45 dias de almacenamiento gratuito. Para extensiones, contacte a su ejecutivo de cuenta.',
   'b0000000-0000-0000-0000-000000000002', '2026-02-11T14:00:00Z'),
  ('fb100000-0000-0000-0000-000000000004', 'a0000000-0000-0000-0000-000000000001', 'fb000000-0000-0000-0000-000000000002',
   'Perfecto, muchas gracias por la informacion. Queda resuelta mi consulta.',
   'b0000000-0000-0000-0000-00000000000a', '2026-02-25T15:00:00Z')
ON CONFLICT (id) DO NOTHING;

-- ============================================================================
-- 30. TARIFF SCHEDULES (1)
-- ============================================================================

INSERT INTO tariff_schedules (
  id, organization_id, agency_id, destination_country_id, modality, courier_category,
  is_active, effective_from, effective_to, created_at, updated_at
) VALUES
  ('fc000000-0000-0000-0000-000000000001', 'a0000000-0000-0000-0000-000000000001',
   'f2000000-0000-0000-0000-000000000001', 'f0000000-0000-0000-0000-000000000001',
   'courier_a', 'A', true, '2026-01-01', NULL, '2026-01-01T08:00:00Z', '2026-01-01T08:00:00Z')
ON CONFLICT (id) DO NOTHING;

-- ============================================================================
-- 31. TARIFF RATES (4 weight bands)
-- ============================================================================

INSERT INTO tariff_rates (id, schedule_id, min_weight_lb, max_weight_lb, rate_per_lb, minimum_charge, created_at)
VALUES
  ('fc100000-0000-0000-0000-000000000001', 'fc000000-0000-0000-0000-000000000001',  0.00,   5.00, 3.5000, 10.00, '2026-01-01T08:00:00Z'),
  ('fc100000-0000-0000-0000-000000000002', 'fc000000-0000-0000-0000-000000000001',  5.01,  10.00, 3.0000,  0.00, '2026-01-01T08:05:00Z'),
  ('fc100000-0000-0000-0000-000000000003', 'fc000000-0000-0000-0000-000000000001', 10.01,  30.00, 2.5000,  0.00, '2026-01-01T08:10:00Z'),
  ('fc100000-0000-0000-0000-000000000004', 'fc000000-0000-0000-0000-000000000001', 30.01, 999.99, 2.0000,  0.00, '2026-01-01T08:15:00Z')
ON CONFLICT (id) DO NOTHING;

-- ============================================================================
-- 32. SETTINGS (platform defaults + org overrides)
-- ============================================================================

INSERT INTO settings (id, organization_id, scope_type, scope_id, key, value, updated_by, created_at, updated_at)
VALUES
  -- Platform defaults (no org)
  ('fd000000-0000-0000-0000-000000000001', NULL, 'platform', NULL, 'dimensional_factor', '166', NULL, '2025-12-01T08:00:00Z', '2025-12-01T08:00:00Z'),
  ('fd000000-0000-0000-0000-000000000002', NULL, 'platform', NULL, 'free_storage_days',  '30',  NULL, '2025-12-01T08:05:00Z', '2025-12-01T08:05:00Z'),
  ('fd000000-0000-0000-0000-000000000003', NULL, 'platform', NULL, 'auto_abandon_days',  '90',  NULL, '2025-12-01T08:10:00Z', '2025-12-01T08:10:00Z'),
  -- ACME org overrides
  ('fd000000-0000-0000-0000-000000000004', 'a0000000-0000-0000-0000-000000000001', 'organization', 'a0000000-0000-0000-0000-000000000001', 'free_storage_days',  '45',  'b0000000-0000-0000-0000-000000000002', '2026-01-01T09:00:00Z', '2026-01-01T09:00:00Z'),
  ('fd000000-0000-0000-0000-000000000005', 'a0000000-0000-0000-0000-000000000001', 'organization', 'a0000000-0000-0000-0000-000000000001', 'dimensional_factor', '139', 'b0000000-0000-0000-0000-000000000002', '2026-01-01T09:05:00Z', '2026-01-01T09:05:00Z'),
  -- Billing settings (platform defaults)
  ('fd000000-0000-0000-0000-000000000006', NULL, 'platform', NULL, 'storage_daily_rate',         '0.50', NULL, '2025-12-01T08:15:00Z', '2025-12-01T08:15:00Z'),
  ('fd000000-0000-0000-0000-000000000007', NULL, 'platform', NULL, 'billing_use_greater_weight', 'true', NULL, '2025-12-01T08:20:00Z', '2025-12-01T08:20:00Z'),
  ('fd000000-0000-0000-0000-000000000008', NULL, 'platform', NULL, 'wo_charge_default',          '5.00', NULL, '2025-12-01T08:25:00Z', '2025-12-01T08:25:00Z'),
  ('fd000000-0000-0000-0000-000000000009', NULL, 'platform', NULL, 'invoice_credit_days',        '30',   NULL, '2025-12-01T08:30:00Z', '2025-12-01T08:30:00Z'),
  ('fd000000-0000-0000-0000-00000000000a', NULL, 'platform', NULL, 'invoice_tax_rate',           '0',    NULL, '2025-12-01T08:35:00Z', '2025-12-01T08:35:00Z'),
  -- ACME org billing overrides
  ('fd000000-0000-0000-0000-00000000000b', 'a0000000-0000-0000-0000-000000000001', 'organization', 'a0000000-0000-0000-0000-000000000001', 'storage_daily_rate',  '0.75', 'b0000000-0000-0000-0000-000000000002', '2026-01-01T09:10:00Z', '2026-01-01T09:10:00Z'),
  ('fd000000-0000-0000-0000-00000000000c', 'a0000000-0000-0000-0000-000000000001', 'organization', 'a0000000-0000-0000-0000-000000000001', 'invoice_credit_days', '45',   'b0000000-0000-0000-0000-000000000002', '2026-01-01T09:15:00Z', '2026-01-01T09:15:00Z')
ON CONFLICT (id) DO NOTHING;

-- ============================================================================
-- 33. ADDITIONAL TARIFF SCHEDULES
-- ============================================================================

INSERT INTO tariff_schedules (
  id, organization_id, agency_id, destination_country_id, modality, courier_category,
  is_active, effective_from, effective_to, created_at, updated_at
) VALUES
  -- Box4You → Ecuador, Courier B
  ('fc000000-0000-0000-0000-000000000002', 'a0000000-0000-0000-0000-000000000001',
   'f2000000-0000-0000-0000-000000000002', 'f0000000-0000-0000-0000-000000000001',
   'courier_b', 'B', true, '2026-01-01', NULL, '2026-01-01T08:30:00Z', '2026-01-01T08:30:00Z'),
  -- Rapidito → Ecuador, Air Cargo
  ('fc000000-0000-0000-0000-000000000003', 'a0000000-0000-0000-0000-000000000001',
   'f2000000-0000-0000-0000-000000000001', 'f0000000-0000-0000-0000-000000000001',
   'air_cargo', NULL, true, '2026-01-01', NULL, '2026-01-01T09:00:00Z', '2026-01-01T09:00:00Z'),
  -- Envios del Sur → Colombia, Courier A
  ('fc000000-0000-0000-0000-000000000004', 'a0000000-0000-0000-0000-000000000001',
   'f2000000-0000-0000-0000-000000000003', 'f0000000-0000-0000-0000-000000000002',
   'courier_a', 'A', true, '2026-01-01', NULL, '2026-01-01T09:30:00Z', '2026-01-01T09:30:00Z')
ON CONFLICT (id) DO NOTHING;

-- Additional tariff rates for new schedules
INSERT INTO tariff_rates (id, schedule_id, min_weight_lb, max_weight_lb, rate_per_lb, minimum_charge, created_at)
VALUES
  -- Box4You Courier B rates (higher than Courier A)
  ('fc100000-0000-0000-0000-000000000005', 'fc000000-0000-0000-0000-000000000002',  0.00,   5.00, 4.0000, 12.00, '2026-01-01T08:30:00Z'),
  ('fc100000-0000-0000-0000-000000000006', 'fc000000-0000-0000-0000-000000000002',  5.01,  10.00, 3.5000,  0.00, '2026-01-01T08:35:00Z'),
  ('fc100000-0000-0000-0000-000000000007', 'fc000000-0000-0000-0000-000000000002', 10.01,  30.00, 3.0000,  0.00, '2026-01-01T08:40:00Z'),
  ('fc100000-0000-0000-0000-000000000008', 'fc000000-0000-0000-0000-000000000002', 30.01, 999.99, 2.5000,  0.00, '2026-01-01T08:45:00Z'),
  -- Rapidito Air Cargo rates (higher than courier)
  ('fc100000-0000-0000-0000-000000000009', 'fc000000-0000-0000-0000-000000000003',  0.00,  10.00, 5.0000, 25.00, '2026-01-01T09:00:00Z'),
  ('fc100000-0000-0000-0000-00000000000a', 'fc000000-0000-0000-0000-000000000003', 10.01,  50.00, 4.5000,  0.00, '2026-01-01T09:05:00Z'),
  ('fc100000-0000-0000-0000-00000000000b', 'fc000000-0000-0000-0000-000000000003', 50.01, 999.99, 3.5000,  0.00, '2026-01-01T09:10:00Z'),
  -- Envios del Sur Colombia rates
  ('fc100000-0000-0000-0000-00000000000c', 'fc000000-0000-0000-0000-000000000004',  0.00,   5.00, 3.8000, 11.00, '2026-01-01T09:30:00Z'),
  ('fc100000-0000-0000-0000-00000000000d', 'fc000000-0000-0000-0000-000000000004',  5.01,  15.00, 3.2000,  0.00, '2026-01-01T09:35:00Z'),
  ('fc100000-0000-0000-0000-00000000000e', 'fc000000-0000-0000-0000-000000000004', 15.01,  50.00, 2.8000,  0.00, '2026-01-01T09:40:00Z'),
  ('fc100000-0000-0000-0000-00000000000f', 'fc000000-0000-0000-0000-000000000004', 50.01, 999.99, 2.2000,  0.00, '2026-01-01T09:45:00Z')
ON CONFLICT (id) DO NOTHING;

-- ============================================================================
-- 34. STORAGE CHARGES
-- ============================================================================

INSERT INTO storage_charges (id, organization_id, warehouse_receipt_id, charge_date, daily_rate, amount, created_at)
VALUES
  -- GLP0005 (in_warehouse since Feb 8, free period 45 days for ACME → not yet billable at Feb 28 = 20 days)
  -- But GLP0011 (in_work_order since Jan 25 = 34 days at Feb 28, free=45 → not yet either)
  -- GLP0025 (abandoned since Nov 25, 2025 = 95+ days at Feb 28 → long past free period)
  -- Charges for GLP0025 starting from day 46 (Jan 10 2026) through Feb 28
  ('fe000000-0000-0000-0000-000000000001', 'a0000000-0000-0000-0000-000000000001', 'f5000000-0000-0000-0000-000000000019', '2026-01-10', 0.75, 0.75, '2026-01-10T06:00:00Z'),
  ('fe000000-0000-0000-0000-000000000002', 'a0000000-0000-0000-0000-000000000001', 'f5000000-0000-0000-0000-000000000019', '2026-01-15', 0.75, 0.75, '2026-01-15T06:00:00Z'),
  ('fe000000-0000-0000-0000-000000000003', 'a0000000-0000-0000-0000-000000000001', 'f5000000-0000-0000-0000-000000000019', '2026-01-20', 0.75, 0.75, '2026-01-20T06:00:00Z'),
  ('fe000000-0000-0000-0000-000000000004', 'a0000000-0000-0000-0000-000000000001', 'f5000000-0000-0000-0000-000000000019', '2026-01-25', 0.75, 0.75, '2026-01-25T06:00:00Z'),
  ('fe000000-0000-0000-0000-000000000005', 'a0000000-0000-0000-0000-000000000001', 'f5000000-0000-0000-0000-000000000019', '2026-01-30', 0.75, 0.75, '2026-01-30T06:00:00Z'),
  ('fe000000-0000-0000-0000-000000000006', 'a0000000-0000-0000-0000-000000000001', 'f5000000-0000-0000-0000-000000000019', '2026-02-05', 0.75, 0.75, '2026-02-05T06:00:00Z'),
  ('fe000000-0000-0000-0000-000000000007', 'a0000000-0000-0000-0000-000000000001', 'f5000000-0000-0000-0000-000000000019', '2026-02-10', 0.75, 0.75, '2026-02-10T06:00:00Z'),
  ('fe000000-0000-0000-0000-000000000008', 'a0000000-0000-0000-0000-000000000001', 'f5000000-0000-0000-0000-000000000019', '2026-02-15', 0.75, 0.75, '2026-02-15T06:00:00Z'),
  ('fe000000-0000-0000-0000-000000000009', 'a0000000-0000-0000-0000-000000000001', 'f5000000-0000-0000-0000-000000000019', '2026-02-20', 0.75, 0.75, '2026-02-20T06:00:00Z'),
  ('fe000000-0000-0000-0000-00000000000a', 'a0000000-0000-0000-0000-000000000001', 'f5000000-0000-0000-0000-000000000019', '2026-02-25', 0.75, 0.75, '2026-02-25T06:00:00Z'),
  ('fe000000-0000-0000-0000-00000000000b', 'a0000000-0000-0000-0000-000000000001', 'f5000000-0000-0000-0000-000000000019', '2026-02-28', 0.75, 0.75, '2026-02-28T06:00:00Z')
ON CONFLICT (id) DO NOTHING;

-- ============================================================================
-- 35. INVOICES + LINE ITEMS
-- ============================================================================

-- Paid invoice for Rapidito (January period)
INSERT INTO invoices (id, organization_id, agency_id, invoice_number, status, period_start, period_end, subtotal, tax, total, due_date, paid_at, created_at, updated_at)
VALUES
  ('ff000000-0000-0000-0000-000000000001', 'a0000000-0000-0000-0000-000000000001',
   'f2000000-0000-0000-0000-000000000001', 'INV00001', 'paid',
   '2026-01-01', '2026-01-31', 38.55, 0.00, 38.55,
   '2026-03-17', '2026-02-15T14:00:00Z',
   '2026-02-01T10:00:00Z', '2026-02-15T14:00:00Z')
ON CONFLICT (id) DO NOTHING;

INSERT INTO invoice_line_items (id, invoice_id, type, description, warehouse_receipt_id, quantity, unit_price, total, created_at)
VALUES
  -- Shipping for GLP0019 (dispatched, Rapidito, 5.90 lb billable, rate 3.0/lb for 5.01-10 band)
  ('ff100000-0000-0000-0000-000000000001', 'ff000000-0000-0000-0000-000000000001', 'shipping',
   'Envío GLP0019 — 5.90 lbs @ $3.0000/lb', 'f5000000-0000-0000-0000-000000000013',
   5.90, 3.0000, 17.70, '2026-02-01T10:00:00Z'),
  -- Storage charges for GLP0025 in January (5 charges × $0.75)
  ('ff100000-0000-0000-0000-000000000002', 'ff000000-0000-0000-0000-000000000001', 'storage',
   'Almacenaje GLP0025 — 5 día(s)', 'f5000000-0000-0000-0000-000000000019',
   5, 0.75, 3.75, '2026-02-01T10:05:00Z'),
  -- WO charge
  ('ff100000-0000-0000-0000-000000000003', 'ff000000-0000-0000-0000-000000000001', 'work_order',
   'OT WO00001 — repack', NULL,
   1, 5.00, 5.00, '2026-02-01T10:10:00Z'),
  -- Surcharge
  ('ff100000-0000-0000-0000-000000000004', 'ff000000-0000-0000-0000-000000000001', 'surcharge',
   'Seguro adicional (SI00001)', NULL,
   1, 12.10, 12.10, '2026-02-01T10:15:00Z')
ON CONFLICT (id) DO NOTHING;

-- Draft invoice for Rapidito (February period)
INSERT INTO invoices (id, organization_id, agency_id, invoice_number, status, period_start, period_end, subtotal, tax, total, due_date, created_at, updated_at)
VALUES
  ('ff000000-0000-0000-0000-000000000002', 'a0000000-0000-0000-0000-000000000001',
   'f2000000-0000-0000-0000-000000000001', 'INV00002', 'draft',
   '2026-02-01', '2026-02-28', 22.50, 0.00, 22.50,
   '2026-04-14',
   '2026-02-28T10:00:00Z', '2026-02-28T10:00:00Z')
ON CONFLICT (id) DO NOTHING;

INSERT INTO invoice_line_items (id, invoice_id, type, description, warehouse_receipt_id, quantity, unit_price, total, created_at)
VALUES
  -- Storage charges for GLP0025 in February (6 charges × $0.75)
  ('ff100000-0000-0000-0000-000000000005', 'ff000000-0000-0000-0000-000000000002', 'storage',
   'Almacenaje GLP0025 — 6 día(s)', 'f5000000-0000-0000-0000-000000000019',
   6, 0.75, 4.50, '2026-02-28T10:00:00Z'),
  -- WO charge
  ('ff100000-0000-0000-0000-000000000006', 'ff000000-0000-0000-0000-000000000002', 'work_order',
   'OT WO00003 — photos', NULL,
   1, 5.00, 5.00, '2026-02-28T10:05:00Z'),
  -- Surcharge from SI
  ('ff100000-0000-0000-0000-000000000007', 'ff000000-0000-0000-0000-000000000002', 'surcharge',
   'Embalaje especial (SI00002)', NULL,
   1, 8.00, 8.00, '2026-02-28T10:10:00Z'),
  -- Other
  ('ff100000-0000-0000-0000-000000000008', 'ff000000-0000-0000-0000-000000000002', 'other',
   'Cargo administrativo', NULL,
   1, 5.00, 5.00, '2026-02-28T10:15:00Z')
ON CONFLICT (id) DO NOTHING;

-- Sent/overdue invoice for Box4You (January period)
INSERT INTO invoices (id, organization_id, agency_id, invoice_number, status, period_start, period_end, subtotal, tax, total, due_date, created_at, updated_at)
VALUES
  ('ff000000-0000-0000-0000-000000000003', 'a0000000-0000-0000-0000-000000000001',
   'f2000000-0000-0000-0000-000000000002', 'INV00003', 'overdue',
   '2026-01-01', '2026-01-31', 15.40, 0.00, 15.40,
   '2026-02-15',
   '2026-02-01T11:00:00Z', '2026-02-16T00:00:00Z')
ON CONFLICT (id) DO NOTHING;

INSERT INTO invoice_line_items (id, invoice_id, type, description, warehouse_receipt_id, quantity, unit_price, total, created_at)
VALUES
  ('ff100000-0000-0000-0000-000000000009', 'ff000000-0000-0000-0000-000000000003', 'shipping',
   'Envío GLP0006 — 2.30 lbs @ $4.0000/lb', 'f5000000-0000-0000-0000-000000000006',
   2.30, 4.0000, 12.00, '2026-02-01T11:00:00Z'),
  ('ff100000-0000-0000-0000-00000000000a', 'ff000000-0000-0000-0000-000000000003', 'other',
   'Cargo de procesamiento', NULL,
   1, 3.40, 3.40, '2026-02-01T11:05:00Z')
ON CONFLICT (id) DO NOTHING;

-- ============================================================================
-- 36. TICKET STATUS HISTORY
-- ============================================================================

INSERT INTO ticket_status_history (id, organization_id, ticket_id, old_status, new_status, changed_by, reason, created_at)
VALUES
  -- TK00002: open → in_review → resolved
  ('fb200000-0000-0000-0000-000000000001', 'a0000000-0000-0000-0000-000000000001',
   'fb000000-0000-0000-0000-000000000002', 'open', 'in_review',
   'b0000000-0000-0000-0000-000000000002', 'Revisando consulta sobre almacenamiento',
   '2026-02-11T10:00:00Z'),
  ('fb200000-0000-0000-0000-000000000002', 'a0000000-0000-0000-0000-000000000001',
   'fb000000-0000-0000-0000-000000000002', 'in_review', 'resolved',
   'b0000000-0000-0000-0000-000000000002', 'Consulta resuelta — 45 dias de almacenamiento gratuito',
   '2026-02-25T15:00:00Z')
ON CONFLICT (id) DO NOTHING;

-- ============================================================================
-- 37. TICKET WR LINKS
-- ============================================================================

INSERT INTO ticket_wrs (ticket_id, warehouse_receipt_id)
VALUES
  ('fb000000-0000-0000-0000-000000000001', 'f5000000-0000-0000-0000-000000000017')
ON CONFLICT (ticket_id, warehouse_receipt_id) DO NOTHING;

-- ============================================================================
-- 38. NOTIFICATION TEMPLATES
-- ============================================================================

INSERT INTO notification_templates (id, organization_id, event_type, channel, subject_template, body_template, locale, is_active, created_at)
VALUES
  ('fd000000-0000-0000-0000-000000000001', NULL, 'wr_received', 'email',
   'Paquete recibido — {{tracking_number}}',
   'Se recibió el paquete {{wr_number}} (guía {{tracking_number}}) en bodega. Destinatario: {{consignee_name}}. Peso: {{weight_lb}} lb.',
   'es', true, '2026-01-01T00:00:00Z'),
  ('fd000000-0000-0000-0000-000000000002', NULL, 'wr_dispatched', 'email',
   'Paquete despachado — {{wr_number}}',
   'El paquete {{wr_number}} ha sido despachado. Revise el estado en el sistema.',
   'es', true, '2026-01-01T00:00:00Z'),
  ('fd000000-0000-0000-0000-000000000003', NULL, 'wo_completed', 'email',
   'Orden de trabajo completada — {{wo_number}}',
   'La orden de trabajo {{wo_number}} ha sido completada. Tipo: {{wo_type}}.',
   'es', true, '2026-01-01T00:00:00Z'),
  ('fd000000-0000-0000-0000-000000000004', NULL, 'invoice_sent', 'email',
   'Nueva factura — {{invoice_number}}',
   'Se ha generado la factura {{invoice_number}} por ${{total}}. Periodo: {{period_start}} — {{period_end}}. Vencimiento: {{due_date}}.',
   'es', true, '2026-01-01T00:00:00Z'),
  ('fd000000-0000-0000-0000-000000000005', NULL, 'ticket_created', 'email',
   'Nuevo ticket — {{ticket_number}}',
   'Se ha creado el ticket {{ticket_number}}: {{subject}}. Categoría: {{category}}. Prioridad: {{priority}}.',
   'es', true, '2026-01-01T00:00:00Z'),
  ('fd000000-0000-0000-0000-000000000006', NULL, 'ticket_status_changed', 'email',
   'Ticket actualizado — {{ticket_number}}',
   'El ticket {{ticket_number}} cambió de estado: {{old_status}} → {{new_status}}.',
   'es', true, '2026-01-01T00:00:00Z'),
  ('fd000000-0000-0000-0000-000000000007', NULL, 'ticket_message', 'email',
   'Nuevo mensaje en ticket — {{ticket_number}}',
   'Hay un nuevo mensaje en el ticket {{ticket_number}}: {{subject}}.',
   'es', true, '2026-01-01T00:00:00Z')
ON CONFLICT (id) DO NOTHING;

-- ============================================================================
-- 39. SAMPLE NOTIFICATIONS
-- ============================================================================

INSERT INTO notifications (id, organization_id, recipient_user_id, recipient_email, event_type, channel, subject, body, metadata, status, sent_at, read_at, created_at)
VALUES
  ('fe000000-0000-0000-0000-000000000001', 'a0000000-0000-0000-0000-000000000001',
   'b0000000-0000-0000-0000-00000000000a', 'rapidito@test.com',
   'wr_received', 'in_app',
   'Paquete recibido — TBA303869254002',
   'Se recibió el paquete GLP0023 (guía TBA303869254002) en bodega.',
   '{"wr_id": "f5000000-0000-0000-0000-000000000017"}',
   'sent', '2026-02-22T09:05:00Z', NULL, '2026-02-22T09:05:00Z'),
  ('fe000000-0000-0000-0000-000000000002', 'a0000000-0000-0000-0000-000000000001',
   'b0000000-0000-0000-0000-000000000003', NULL,
   'ticket_created', 'in_app',
   'Nuevo ticket — TK00001',
   'Se ha creado el ticket TK00001: Paquete GLP0023 recibido con dano.',
   '{"ticket_id": "fb000000-0000-0000-0000-000000000001"}',
   'sent', '2026-02-22T09:10:00Z', '2026-02-23T08:00:00Z', '2026-02-22T09:10:00Z'),
  ('fe000000-0000-0000-0000-000000000003', 'a0000000-0000-0000-0000-000000000001',
   'b0000000-0000-0000-0000-00000000000a', NULL,
   'ticket_message', 'in_app',
   'Nuevo mensaje en ticket — TK00001',
   'Hemos recibido su reporte. Estamos investigando el incidente.',
   '{"ticket_id": "fb000000-0000-0000-0000-000000000001"}',
   'sent', '2026-02-23T10:05:00Z', NULL, '2026-02-23T10:05:00Z'),
  ('fe000000-0000-0000-0000-000000000004', 'a0000000-0000-0000-0000-000000000001',
   'b0000000-0000-0000-0000-00000000000a', 'rapidito@test.com',
   'ticket_status_changed', 'in_app',
   'Ticket actualizado — TK00002',
   'El ticket TK00002 cambió de estado: in_review → resolved.',
   '{"ticket_id": "fb000000-0000-0000-0000-000000000002"}',
   'sent', '2026-02-25T15:05:00Z', '2026-02-26T09:00:00Z', '2026-02-25T15:05:00Z')
ON CONFLICT (id) DO NOTHING;

-- ============================================================================
-- 40. NOTIFICATION PREFERENCES
-- ============================================================================

INSERT INTO notification_preferences (id, user_id, event_type, channel, is_enabled)
VALUES
  -- Agency Rapidito user: all email enabled except mass_announcement
  ('fe100000-0000-0000-0000-000000000001', 'b0000000-0000-0000-0000-00000000000a', 'wr_received', 'email', true),
  ('fe100000-0000-0000-0000-000000000002', 'b0000000-0000-0000-0000-00000000000a', 'ticket_created', 'email', true),
  ('fe100000-0000-0000-0000-000000000003', 'b0000000-0000-0000-0000-00000000000a', 'ticket_message', 'email', true),
  ('fe100000-0000-0000-0000-000000000004', 'b0000000-0000-0000-0000-00000000000a', 'mass_announcement', 'email', false),
  -- WH Admin MIA: all email enabled
  ('fe100000-0000-0000-0000-000000000005', 'b0000000-0000-0000-0000-000000000003', 'wr_received', 'email', true),
  ('fe100000-0000-0000-0000-000000000006', 'b0000000-0000-0000-0000-000000000003', 'ticket_created', 'email', true),
  ('fe100000-0000-0000-0000-000000000007', 'b0000000-0000-0000-0000-000000000003', 'ticket_message', 'email', true),
  ('fe100000-0000-0000-0000-000000000008', 'b0000000-0000-0000-0000-000000000003', 'invoice_sent', 'email', true)
ON CONFLICT (id) DO NOTHING;

-- ============================================================================
-- ROLE PERMISSIONS (defaults — code merges DB overrides on top of defaults,
-- so these rows are optional but useful for visibility)
-- ============================================================================

-- No rows inserted: the system uses code-defined DEFAULT_PERMISSIONS from
-- packages/shared/src/constants/permissions.ts as the baseline.
-- The role_permissions table only stores overrides configured by super_admin.
-- This keeps the seed lean and avoids 7 roles × 16 resources = 112 rows
-- that would duplicate what the code already provides.

-- Re-enable FK checks
SET session_replication_role = 'origin';

-- ============================================================================
-- SEED COMPLETE — now run: npx tsx packages/supabase/scripts/seed-auth.ts
-- ============================================================================
